study,subject_nr,alpha.rew,alpha.pun,beta.rew,beta.pun
disc,312143561,0.9093990806511614,-0.8886263067410992,0.7817265074959724,0.11800171800517137
disc,490396073,1.6135715624017566,2.888474689808597,1.0769107114918872,-1.1570562658354147
disc,861882109,-1.9462688932650252,-1.715773394681055,0.8109919757798606,0.13121551761279157
disc,861601117,-1.578546728404065,1.0320610472269114,0.746908760615709,-1.055996937181703
disc,807356177,1.5061866805652302,4.6451077624124615,0.9240076044549542,-2.3565048982521084
disc,822083256,1.0939191826066634,3.954912050385377,0.5183375940546376,-2.2764158280381985
disc,425069262,0.3815836452715402,0.3942134029609058,0.11006402328591773,-0.34508635034046187
disc,239064815,3.0587263229338735,-0.6640182312517898,0.4606068766341594,-0.06822485869007824
disc,254633181,-0.41956679447686795,0.925714747982589,2.052367585660146,0.5841682209442626
disc,883974226,-0.13553075828899142,4.0284053340965125,1.8897245528891748,-1.7676244414194617
disc,786575801,-0.025223262972697266,4.542092651312368,1.1863910160137792,-2.4936821063639507
disc,346425035,0.5011895114425808,2.4455945552968146,1.5680110969747079,-0.8608125571574418
disc,666859841,-0.11287069868446609,-1.3582523209010817,0.9556778988729372,0.716286537641415
disc,899705220,2.4488479158443432,1.534400721233121,0.2067612565655718,-0.23023893097202705
disc,723502096,-0.6467122334792795,-1.280958781982598,1.835005274625587,2.510924767100376
disc,954447410,0.07572014224376722,2.4020467394014147,0.08943429183425239,-1.7283985891899096
disc,63210450,-0.6242702963912818,3.2789432901335527,-0.060799671734793885,-2.611324394097212
disc,300894760,-2.9838269916935123,-0.10526338667409738,1.0027695280076498,0.0887076947481086
disc,464788626,-0.9835870704891362,-1.0752291666456082,1.362600704258931,1.273797746904654
disc,564059968,-3.0836905944711597,-0.7620103110273582,1.2630091324209076,-0.42164070681852384
disc,321321432,-0.18595080160695796,1.5543385116629391,1.761153762513696,0.7771187866461743
disc,694411756,0.4733976934586704,2.300805452768357,0.9341100564003831,-1.1156681771553252
disc,745752836,-1.8853820290394159,3.027677172307939,0.8938178474225842,-2.157760626416123
disc,782083654,1.462332136976862,1.61002438310178,0.07407811220966586,0.13961680836926654
disc,598736881,-0.469486860435005,3.0542111979459237,-0.04047544721614836,-2.4575057349109053
disc,11279876,2.884331118736715,0.41861348454454217,1.2915333257448744,0.2817204604323223
disc,397714659,0.7187619905323438,2.06126855493443,1.4792179539955648,-0.186983873955583
disc,593674503,1.7876382566767244,4.316454817046347,1.0821172909785144,-2.0010512952759685
disc,892115828,0.17664594815414225,4.228256681796599,0.8197100188262044,-2.468089855753905
disc,85734564,1.2370331662049967,3.495666732321471,-0.44143822862203286,-2.539458838551024
disc,359233718,-3.383331270734976,-0.24678336029715803,1.6383289627494142,-0.23849786379500387
disc,338681803,-0.1357057957889545,1.6736992206118904,1.5009855646842076,-0.5895506935717307
disc,334114857,-2.3646536521792334,2.287961142524858,2.848277942808801,-0.5396488421025887
disc,592673453,-2.828595437600893,-3.2274206814756923,1.6477116929837188,1.3689627606476704
disc,659120491,-0.39055013357103985,-3.151581207994618,0.879334688301568,1.7691755476744784
disc,335572956,-0.40651141440241284,-1.9044583756417572,2.2339711974805265,2.1208852361652206
disc,774364152,-3.684204957373388,-4.021654713954179,1.5884973659125596,2.6067181878575565
disc,788407767,0.6043429853022393,-1.4479919037604032,2.0220054485892147,1.1524296479051321
disc,250635091,-0.7639244860786998,3.1347427382790882,1.607951226453716,-1.5297426740771687
disc,412250889,0.9679125643791396,5.375072740848309,1.683227500956844,-2.470298931737909
disc,776337092,-3.649571117112809,2.3233514686589403,1.9751278278924567,-1.5579727212300996
disc,826153373,1.1834579594996113,1.145950713763904,0.6342120808944605,-0.05947549521112151
disc,220713700,-0.3950078538428315,3.5063711056101923,0.2558643737982027,-2.507049186619201
disc,379058246,3.350055903935513,5.523347917887643,0.4971953748850166,-2.7309414296211005
disc,584005114,2.430904516509305,5.484001719349348,0.013282562501176258,-3.2123752237405108
disc,919168902,-0.9662411742907984,3.7791876753401388,1.8775231371637058,-1.8274353832352133
disc,36993134,-0.12214414366550322,-3.4888791786004703,1.0784072526498458,2.5014343722482124
disc,186824340,-3.8835819122492476,2.3539429801945637,1.7772568233804085,-1.7206878883614733
disc,876190565,-1.7781913187068021,-1.856123940028785,0.5898400728467895,0.5727180441206169
disc,77608480,-4.2869336794660535,1.1616484319802332,0.7537522319231399,-1.5025673535952369
disc,593218431,-3.412221794678295,1.687885539122318,1.8762699675746204,-1.079658646732249
disc,370686149,-4.598239414089534,-6.86261342229262,2.7898503870179807,2.9537745066693875
disc,463139960,0.899719222392987,-1.5786374126234013,0.29603898205069573,0.47709122948573124
disc,529013983,2.348307047682431,1.4124089029554872,-0.5521303338220744,-0.737403286591381
disc,203362677,1.9133981091588925,3.5054794871422286,1.5254600545916042,-1.1741042492505203
disc,228816759,-2.8897467510237225,0.1461052302209408,0.9485430881856631,-0.5514752956489418
disc,238522034,1.2427372998173598,3.171284707038096,1.7394798251870014,-1.045917832700237
disc,669142164,1.1101706956638075,5.246794875857834,1.6753688002602225,-2.3625012522859827
disc,251304916,-0.39514323161226433,3.1316098745626424,0.6944979514842534,-1.9816441136934193
disc,703575998,0.0800590137159537,3.051922770450947,0.44788684461671396,-1.973054715373109
disc,498116978,-4.5657434706002515,0.4833804699612188,1.2156842145989373,-0.6055598989543091
disc,243001819,-4.280745543867854,0.8651092219206048,1.0740341932168134,-1.081600382964582
disc,9489816,1.0294524378345538,2.9882066582881945,-0.2950597654842446,-2.1524038735234896
disc,900412560,-2.669495244584125,2.324190912748146,1.0517920073479863,-1.777852026002428
disc,412848644,1.2128324468256666,4.654433669858219,1.3684246839314447,-2.1578190409687505
disc,35533370,0.6335439659967029,3.3673185432490738,-0.0982940868831074,-2.386913218467245
disc,879661171,1.2942188333835971,3.1367136901811894,1.0845483941146417,-1.3612708068929078
disc,647607965,-0.43785045117027455,3.229394561948037,1.328906893414566,-1.687626417576469
disc,727935120,1.6277439298465444,3.3883048376716363,0.4276432408404537,-1.8529742266351008
disc,766429487,-2.3350680195272746,-0.4953231465154872,0.5450100240065857,-0.7459239659003157
disc,925442248,1.535155023842906,4.319749425144998,0.27828706771886497,-2.5332870887688337
disc,903575782,-0.8713353540061316,-0.9880099358110944,2.2024029994421563,0.6166619776799696
disc,213904998,1.7560997497659079,4.502407376872665,1.3972429748693243,-1.9123869218923848
disc,657305126,-3.758543173061813,2.9646805703440466,2.0380693378062698,-1.8810271337757767
disc,339096314,-4.486896859642253,-4.44317691819646,1.3579158182612525,1.9202045198424313
disc,976167842,1.1371670131203477,3.095670571566935,1.396977977335645,-1.1853542938935968
disc,431141738,1.60345257817699,2.829694852102261,-0.5116984552741902,-2.0705671832579244
disc,257676264,0.22734772078943516,0.9932497274997965,0.03434840730744258,-0.33071560325037874
disc,802550607,2.4497271357294967,5.538482425822464,1.589658246885074,-2.287602650252712
disc,424805508,1.0297919473022152,4.464028362403436,0.7103236224206358,-2.4869935511293284
disc,588578823,0.9419610929714688,1.7665073140349443,0.7275983948868042,-0.5108628734958782
disc,921966331,1.3989759361434682,4.21833034635773,-0.062044305157681716,-2.7151238092417755
disc,127817837,-1.065215960150996,0.22311682230780416,0.4307674414321529,0.23274529360893875
disc,724046951,-0.7509285087486033,-1.1214242736357622,1.385253931501006,0.9078065343111524
disc,596706496,0.8437763771523186,2.3917435673587426,1.3308288806044262,-0.41468872189388106
disc,823938301,-4.3624729444688475,1.0275941312486134,0.9042451766921257,-1.5742114147434756
disc,627530822,1.7277837037412125,4.94074293896679,0.5412939409016613,-2.7174888738239162
disc,270801539,0.5855974312719755,4.8540756881583516,1.7034408389492808,-2.2292701172964886
disc,399617660,1.198451968537111,3.292060432852243,0.8100956108422461,-1.6828267918185824
disc,703111911,0.708433619597926,2.4738913454476656,1.789240415240028,-0.3832176556333354
disc,40987810,-2.6470170550414105,1.2930000985484449,1.3722427923603049,-1.010372228681771
disc,130891451,1.5823713163744042,3.174356358711752,1.323163889954258,-1.16455566730569
disc,347302416,0.5690360884485824,0.013499862392869528,1.0443589353690472,0.8482526116430259
disc,522006959,-3.140742918359401,2.0677717425729534,1.7205381681977199,-1.3079635744273634
disc,738704182,-0.2731122309707293,3.187281204667881,0.7793733918790307,-1.948753686609123
disc,380797260,3.1911997075899086,4.51589500212322,1.399165148433698,-1.594374137412766
disc,789911084,-0.6450378938384984,3.9596990704103274,1.1515182260723393,-2.281985726419227
disc,662937439,-3.9678536293220916,1.0799106767490947,1.1220733413344481,-1.0692815370718818
disc,22400388,1.8805758677823203,-1.8140501967685643,1.0511677226301956,0.6859321373080922
disc,197383800,0.4413869076324021,1.4677600558973238,1.069417410386506,-0.5757772751922897
disc,763561288,0.7388225071575759,2.4476536303772543,1.1522689466721134,-1.0917660253110197
disc,945204813,1.388854803742328,-5.917860758113271,1.0217689581915352,2.735926069052491
disc,184347562,1.2395226862294673,3.534481782527269,0.0013066224496199404,-2.2919579524839393
disc,217422877,-0.38128195827839223,4.874048775608236,1.8196535540317438,-2.392779747791146
disc,900945432,2.4219245245802563,-0.266115168984566,0.821432534016707,2.30798593849185
disc,993338742,0.1731616704864492,-0.2656484297574913,1.5679615689665536,1.7376641132451263
disc,723351850,1.351167474397925,3.683482484064893,-0.023175832324301777,-2.365244236701283
disc,377123315,3.2097405625357465,5.272527921550756,1.2229826961520474,-2.1626658173576283
disc,391255948,-0.7540980827157223,4.2806639358450544,1.405496901496127,-2.3713124043087075
disc,866483758,1.7844886518688847,2.296462860556821,1.3382373255547577,-0.7242378101249195
disc,722491662,-0.4876094828528495,-0.4370654650548891,0.7497732892014777,-0.2596028766034422
disc,214479422,-3.2284633473046385,-1.1620213734555433,0.7818431415191613,0.03455679371918223
disc,868862210,-0.7673671431947751,0.9603983176539546,1.4220240025483262,0.2520439572024197
disc,449796077,-1.064533058498598,-0.31946161979144416,1.1245945079459254,0.4125398422365257
disc,675975675,0.09986694806465071,1.4884998465603632,1.4724694329222634,0.3450862365682966
disc,474276613,2.2490590727587527,2.353395269909627,-0.12126249078822769,-1.3770030094522472
disc,6097007,2.6735200474256295,5.070464031032326,-0.6307127874621613,-3.2898024583809216
disc,134547491,0.8304476659851636,1.2809963219172797,1.5144619829493609,0.1825599805085464
disc,574573939,1.6215433597222897,3.484013700054569,-0.7523331792937253,-2.6261013114186675
disc,727842824,-0.13633893252000584,-3.6326644239569523,0.32360001009313843,1.0905175477298024
disc,931904762,-0.10215486352234333,0.6973872936592124,1.4800379224666347,1.264885125102637
disc,222233392,-1.2834695766572541,4.734220612408885,1.2029762262442156,-2.8881349949698616
disc,192346163,-3.5994489082824073,-4.855602748296919,1.7746179771742345,3.179578801178302
disc,657364831,-2.049678240643917,0.2166480627466631,1.6132066064011996,0.7730430291491122
disc,669276230,-1.1246660666444839,-4.415558884005856,1.0348966471297687,1.7303235841654478
disc,115532581,2.6029809536940323,1.8802958356766237,1.0747764296464022,-0.27462166618602984
disc,843640593,-3.1307272689728585,0.7122910940807827,1.1723643034431586,0.09438580001404785
disc,733952948,-1.901123447759222,0.7296570103187755,1.096578747441596,0.3482299974898499
disc,10224727,2.422902835870267,4.10842984439545,0.3478263815247706,-2.1572215119173017
disc,176497014,-0.028740140721331638,2.6043694569223472,1.1226607522384218,-1.3273144347578696
disc,785921784,-3.3887506655743564,1.8170081344664566,0.8141005104682956,-1.788532565148682
disc,104394137,0.25013494909169287,2.6389518806052026,0.6906526314732265,-1.593106326748257
disc,444761175,2.369396927438041,2.7555785223869234,0.46717924278833467,-1.3197840036395312
disc,708960358,-3.7799500495985896,-4.362876797479806,1.9927842914173246,2.4888500386122803
disc,814478270,0.5033007293154552,3.1290819125809697,1.3789484035164383,-1.3979260414807104
disc,94768805,0.0725832561876744,3.194584173555585,1.6051665776256023,-1.3835684992310147
disc,871977532,1.278772410708733,3.1247745205361537,0.8340617813448331,-1.508133464142234
disc,133058955,-0.27337487242643255,1.602657309006488,1.3321381221808952,-0.6273832608551347
disc,351754983,0.06834979190143461,4.0741534790727725,0.10575535354860748,-2.829372449813921
disc,489794315,-2.4825191165209675,3.628691584550099,2.3092844951076743,-1.7825899073876834
disc,904230931,-0.11174038587651908,-1.8494042669840303,0.7214419418167964,1.0405533422129536
disc,297145763,-1.5594306110414733,3.9327293334785787,1.065197557878238,-2.5397230805690403
disc,508344913,-3.60055214892852,3.236457139466223,2.3241123230014415,-1.8489710019026362
disc,484100014,-1.282635538806598,2.80891524771487,2.3306412612842498,-1.0847125176040178
disc,826051777,2.570705932553114,2.7333177213075155,0.9160385899843946,-0.9569179965585335
disc,306016065,0.899664492023676,2.3967025644403472,0.22891352701490025,-1.5219111664923015
disc,90235301,-3.084814460820986,0.5505300340479092,0.9690485345678391,-0.5934706958806693
disc,810781601,0.9721804916765121,2.634143730571776,1.218114390804183,-1.076853762943382
disc,81536288,0.4441469884954424,-1.402793514927024,0.7681761492555483,1.1085485017565238
disc,991688177,0.2629538779308499,2.27020683930126,2.606292727013896,-0.24421832838909466
disc,842492863,-0.089843186811975,1.8482090783722394,2.5581031565688,-0.13137166992858784
disc,630479884,-3.2017818961335793,1.5132697028526696,1.3801161881512465,-0.5215405774256288
disc,459722296,-0.5430998764469827,1.6130826964118694,1.1404856957345728,-0.29946530563371543
disc,44689768,1.147106871173056,2.250227306783859,1.9958692374407143,-0.04949862894157655
disc,81390245,1.831495174514896,3.593752646427915,0.6036479380497761,-1.8180237244799218
disc,986097288,-1.5546281075254562,2.2397423823286178,0.29543587395653315,-1.91911829661131
disc,257768661,0.48639853475106154,4.147300015279544,1.4382683418948425,-1.9689499912105923
disc,557967209,-1.5932209633115606,3.8196521192512813,2.3430648670171164,-1.6998814540399825
disc,885172871,-3.935546593809852,2.2212758333489657,1.018628316443586,-2.0994115851264246
disc,631571576,0.6691864387621588,3.8764305248555226,1.654603642714415,-1.6409262829698068
disc,863923100,0.27003810483824375,0.861791343045835,0.32645023895524783,-0.7471212519036959
disc,660407712,2.448886558444865,3.802086162862586,-0.2521010759179501,-2.319381586610819
disc,600417115,-4.294667797954343,0.6347833025175663,1.6516647957704824,-0.44182900831671673
disc,64275165,0.7071155442950767,4.009246746052106,1.2550400068570484,-1.9377141378022524
disc,448370787,1.1747146082949254,-0.15042962351778402,1.0592938985605251,0.6251628984788274
disc,147398691,2.6744818880098085,4.599875007417825,0.9483444482789561,-2.035314486581586
disc,278624716,-2.1852774077442296,0.7857119033260107,1.8432788574827033,0.6603584620499908
disc,593779826,-1.1767567154869647,1.0227539159804915,0.5086454728731942,-0.47897140608257655
disc,350665696,-0.011706909318329304,5.043496977255454,1.1053870656167524,-2.8465966995538703
disc,322001677,1.4197788737937118,4.674480172093805,0.3189292010487702,-2.7600175636933675
disc,617376730,0.39221850478479875,3.4807554848969184,0.3479049522606668,-2.244085751515678
disc,254077218,0.9022100716405055,2.306920865137689,-0.29872298952513976,-1.8158233576887441
disc,280355688,-0.9020995610505167,-0.24720324664102528,2.710218979377081,0.9372633555184169
disc,59684662,-0.7778268128740099,-1.5392671482833018,0.08041697500336385,-0.08048780761040657
disc,171132611,1.3525261566002196,3.998980596752536,0.6480622347293554,-2.1529783354627003
disc,127994393,-4.305142300947386,1.4543552894777219,1.1509263485821022,-1.6853497712216754
disc,342418254,-3.2597275923966387,1.6828216665436702,1.530256453712731,-1.317313225123629
disc,94441122,1.4418837192334533,4.384330434560464,0.7276173235802643,-2.3320514984388043
disc,888276283,-0.48743161358862985,1.522159451484469,0.7983546859233763,-0.8702984802074766
disc,548698068,3.229214002233747,3.516828595824032,0.4397319359955166,-1.5133869899761343
disc,823410149,1.1191636513964733,4.665557725395185,2.059384709332879,-1.7763825175617305
disc,889646604,0.36005168395082865,4.646342993767944,0.9433829945478533,-2.6128611259818357
disc,886394767,0.7557821355326407,3.582532329314718,0.8925267204885248,-1.898718635714719
disc,683185363,-3.2904500475461487,2.1124198021692027,0.8125216451800764,-1.9284026640505998
disc,17488127,0.20486990906205144,-3.0538686183227255,1.1600977964257828,2.5293199033349305
disc,254343836,-0.053097648835661294,-0.46418504513410047,0.19499767576372304,0.8468136222725068
disc,909689340,1.6932111094613105,2.376699489564276,1.1218122198034577,-0.8654029322656313
disc,554602627,-0.07806568151254387,0.6089458393531035,1.4659769640059006,0.693659435047966
disc,307687570,0.366402029655034,1.115283420011495,0.579633287804719,-0.18685723399043086
disc,171870330,-2.1230290226657504,4.4349328982529315,1.4312279622354016,-2.769793245264704
disc,489670725,1.5107218492771404,4.265071641111527,0.47530074068254596,-2.3931746714947564
disc,84296234,-0.49601072030407456,4.438373238920645,1.1717396179551067,-2.5371678007910754
disc,649429049,0.2447417439024101,3.9916535144449985,1.0398641268516255,-2.1818284777343626
disc,612877124,0.22875497380944834,4.070076252066796,2.2144247893750775,-1.5226773542527376
disc,256566291,2.6226946364758437,4.162943233079651,1.0293674258718524,-1.7422457079419362
disc,593217939,-3.3418919879463087,1.5919751252635814,0.7969492952168191,-1.727554619980305
disc,554684363,0.6017235722646181,0.004132899946569419,1.3525951677264638,0.6616520287527873
disc,50252126,-4.237529395529618,3.158445475406887,2.3910735916967703,-1.883940840313525
disc,521102978,-0.34487226983669644,1.9852876034823481,1.1126779252661938,-1.0520942409201666
disc,195512454,-2.3899789438182824,-0.950321193156398,0.7328230585563459,0.08290428845991342
disc,928578982,-0.9994492209957242,0.5325997129651754,0.12546184847348105,-0.6733185133342244
disc,340548501,-0.4206765696590701,2.747041119890586,1.898842864503031,-1.0565958921005865
disc,741704583,-1.1872031071893627,1.168744386855535,0.5043273639965133,-1.3083362066884126
disc,513766324,-1.707053811874236,3.1062814343497878,0.5445416248057158,-2.3818048317127944
disc,747438966,-0.2848570936762524,2.437175385445474,1.847392750558766,-0.6820607597361412
disc,949382438,1.8793680379316826,-1.17713903694449,0.6159533550643056,0.019357156442941795
disc,317853308,1.3434169530361249,4.291493164585227,-0.6995200427367513,-3.1559332593674156
disc,252847931,1.8104768035565628,4.176457554697555,0.9387891312263942,-1.9818304062769478
disc,563566837,-0.9384512795151466,1.3300673929160622,0.6465457027126681,-0.6144336178428226
disc,563709358,-0.03776660761297354,0.3480645410071917,1.661243030868623,-0.20169872928686458
disc,287119131,-1.7233643488150512,-0.5322703863225691,1.588326708614512,0.4201643209881935
disc,160033040,-0.3506230721469449,2.8403349981504644,0.9816668028673663,-1.6147309451775116
disc,665905635,0.3070373784382175,4.8258842808774745,1.646791162240371,-2.30519716072957
disc,631081333,1.954842967025348,4.533776419913956,0.8505131517374434,-2.2242339840550103
disc,511627440,-4.393715725920897,2.816059072149757,2.7142587142568586,-1.4422008158620303
disc,646591306,0.8160941985300195,3.5105570766147616,1.2101138291920532,-1.6275001829556253
disc,944119141,1.3754498927148768,0.1478262794458571,1.8930314833914088,0.9157793656537254
disc,521458099,-1.2858332241756765,3.180510730293019,1.4730519547646306,-1.810656729894252
disc,393116494,1.5087742971484568,5.220542736556072,2.638877628409285,-1.678462315932854
disc,149674758,-1.8003688899785428,1.1743240767690346,1.0480889776524271,-0.5451994927842992
disc,515702197,2.729504221989227,2.379468108568032,1.1971437991979617,-0.37296146433895633
disc,530747047,-1.56904344595428,-1.3502803160343197,1.8078015902216464,0.8585777844838397
disc,910728966,-1.555264007043724,1.4985434250094614,0.24939766836627114,-1.462519255877966
disc,157912110,1.7668616567648012,2.019697857412897,0.05489067631800391,-1.1295242855029468
disc,344903103,-0.28724801756481744,3.8199614283071406,2.545286099327313,-1.2690042939104305
disc,760948103,-1.30007021333432,0.5919059061331605,0.8939147358256593,0.749757780349252
disc,585095426,-3.2472934566430207,-3.336015454427951,0.8997986832306445,0.6003377055779878
disc,637988410,1.831823178799277,3.1003757882966756,0.2852038032747319,-1.696453763643508
disc,496327344,-4.453650439932436,0.6144764810364844,1.8762668255739192,-0.22165525193987853
disc,244416719,-0.9457324837451173,1.7975191237149333,1.0484845819876745,-1.0062412356555621
disc,226607487,1.700337096276221,3.9365596134217857,-0.22487533978520285,-2.568697737857602
disc,761039201,2.2027704348009474,-0.955415561353188,0.37316859501390964,0.2590699253230663
disc,520517421,2.6198322075495697,4.108205856619493,0.05831086821988764,-2.2950133707771174
disc,310675639,0.9014855536350471,3.152697356859186,0.33701025185545463,-1.9448270580280465
disc,523470487,0.09120734383432073,4.099225846427072,2.031691895144779,-1.6829081666761654
disc,303223548,-0.821886884391095,-0.7824327007689016,1.5328341964661247,0.06049831924654199
disc,52221356,3.051081802909643,3.2096955500952986,1.2990750520155858,-0.8949780186560811
disc,593757594,1.4536458028782033,4.310799195694924,0.6179206987872345,-2.346505098664092
disc,563001853,1.3312471700949073,2.076868849657109,1.2974078749953888,-0.545578556097009
disc,748363422,2.126052998860936,1.668207272811508,0.2021466121471751,-0.6420819307716784
disc,589468083,1.6039665211081982,3.62030134684526,0.222116790484575,-2.1339027546590095
disc,946984974,-1.2687149159379232,0.5413707323367947,1.5448635805669182,0.5524040511494126
disc,79718046,2.256075657671377,2.6320255913792407,0.28821059500156293,-1.311447820022142
disc,375993331,-1.5555918130482322,-6.676700759858914,2.581989135189344,4.88021617923853
disc,889149052,-0.33669961690410255,1.6987879079008572,0.17176169540930097,-1.208170472726119
disc,340070978,-2.9937931095494896,-2.4110699747154887,1.301673220171407,0.5965618852700317
disc,105267837,-5.076714762316268,0.10919395068287463,2.511231337756394,-0.32182005182150725
disc,271666749,0.7972493442013397,2.214727149579235,2.6469967078643464,-0.023632242323882793
disc,100635628,1.3615060081457573,2.598244596494821,1.4997788060541524,-0.7664586818923024
disc,457298910,1.1376462863040944,-1.3836505239075947,-0.5362212874028851,0.0948340630043856
disc,168068474,-4.264635793468598,0.7912759495098041,0.863800020089807,-1.6128438590835323
disc,470077752,1.884763605295015,2.15120379818391,0.9520184993770876,-0.5800073229429629
disc,88344238,0.40208447114049256,1.3194713044266222,0.86467528196068,0.3496218684313431
disc,195869795,-3.274784804233248,-3.1642226662746515,1.592384789315782,0.9648507864953402
disc,250558415,2.3214849107052142,3.984944203901437,-0.5985992322842204,-2.678019247915717
disc,524054585,-1.2472877639030429,-6.549374061389495,1.3657422379273974,4.5340032991011165
disc,805970325,1.9889531703301377,4.067133683829612,0.6365508405091712,-2.0492887354865332
disc,306919555,-3.329592129765243,3.650671028729492,2.127080649775234,-2.122066800004014
disc,101945011,2.2431008264419248,2.7132799938583556,0.5509422241320037,-1.2363029674113073
disc,473528776,-1.2897253578200323,-2.5233384027681374,0.9978278508753277,0.7216814189229422
disc,962853292,0.9799590439968519,3.5975199428048525,0.4043482572743456,-2.1429374780718096
disc,180282798,0.04978338816216029,0.21582579547547615,0.29398237121806114,-0.5860211392595299
disc,854566230,-1.0614678455891433,-3.394567516772471,0.5257145671467259,1.3091278903050572
disc,377960481,-1.9877272276868831,0.14065338940890548,0.41509482426468375,-1.2115775107787345
disc,125844440,0.4938941475018761,1.2455937659242025,1.4138843886757941,0.29495370045032065
disc,607518338,-0.2704484685853532,1.340954967343173,1.7803354256790005,0.08543664955687515
disc,29907740,2.96498980342945,2.494687567009257,0.8825922727309743,-0.30029960721265436
disc,904350492,-0.3466257734717363,-0.41377502321643295,0.6200925608453743,-0.2805192890504762
disc,310763738,0.5103153445806339,-1.744635663296394,1.019047930476323,2.0658983028970264
disc,316337536,-1.1179836833332824,3.6451949761500195,1.3599358408806053,-2.067916924648059
disc,911127542,-3.1893380306838797,0.29275999279807075,0.645537761165025,-0.35556998575515797
disc,708270278,1.315009033100825,0.7174319266019715,0.5296235308930859,-0.21257303369982988
disc,604983093,-0.4564886465584694,0.1376034728343417,1.534216060894905,0.47509852526909596
disc,463983222,0.282044306226455,3.877332847841675,0.14083835047295995,-2.646279721985045
disc,110649939,1.9637203585197776,1.7378848182355082,0.4768416533382987,-0.6346876270161095
disc,379732271,-3.859768626332965,-3.2681326049275685,1.1377430988872705,1.0542368327573857
disc,275004455,-0.22356455540991865,-1.3026861164052532,0.3537430437824693,0.9416185663286506
disc,291748107,-0.7867272123930138,4.28195031298003,2.4922695849272083,-1.7080236238687632
disc,656322068,-3.473633586882363,-4.834277178789601,1.3757593238238102,2.0532564955004826
disc,884205505,2.483898127980196,1.2722846536741885,0.4526930166468212,-0.3539278853099643
disc,485642936,1.2108617275807256,-5.910385493249161,1.2562571337890016,2.6019193458610896
disc,990399408,1.7250730025873477,0.2533719354424249,1.2003505607311966,0.9206409418252767
disc,451678935,0.6166309912836104,3.352911735966541,1.705418673330816,-1.2871609110508666
disc,366835413,-0.6640854822437657,2.5075400760195006,1.7795643662485954,-0.9808577189479083
disc,417476841,0.8133898676714842,2.898323141356388,0.803347964507014,-1.514395032279654
disc,45556499,-0.07151445505438345,3.357808896945011,1.6994087119052135,-1.4207655944300464
disc,861871303,-3.784942675796673,-0.05051087154496842,1.1174584405620216,-0.917247937125905
disc,531860105,0.579050503789889,-0.8528573901032079,0.8104579842620485,0.06007284071243872
disc,761826188,-1.6516680595485211,-1.399158330825588,1.341479968286755,0.3816408913504597
disc,321260477,0.6722024210085705,0.6474531994025075,0.8752510224506966,-0.21316781618182912
disc,756672576,-0.3086047964073377,1.57711139894014,1.4844266886078015,0.11929259740462714
disc,138680720,-1.461066911148409,1.353359544810334,2.3400946850750444,0.311269427145936
disc,42433776,0.46893847852599563,-1.4358494208289392,1.5267703693147263,0.8236703855972768
disc,142935812,-0.37140746594932783,-3.3882448795624893,0.7408260950048244,1.786264516944352
disc,794919870,-0.7204476852974623,-0.8934827126844311,0.4460088162497506,0.006925090235754583
disc,126983606,-3.8314666277274396,3.701648927932571,2.443227755227667,-2.09780873289106
disc,874907191,-0.1707543100287399,2.007443409309473,0.2240733950590017,-1.5240980784080624
disc,439955229,0.563807979109562,-0.45463123611400097,0.0846069536166104,-0.4810973669168964
disc,393606582,-4.346919721900541,-0.032206166249028056,2.6883095314151393,0.1721674763397199
disc,621066128,-1.0980907920945038,-1.3526261575220213,0.15674058513045927,0.04728399778759885
disc,896241185,0.38629184474978034,4.040335525587316,1.0390847434975825,-2.1770445506809524
disc,993703078,1.240055540937624,0.7423745640055669,1.6881166988201064,0.82018906428823
disc,538494557,-0.6630545624388827,-2.492671824407497,1.0975591834227967,0.529557964205056
disc,764943616,-0.2822590014000016,2.8940796817262986,1.8755672157798846,-1.0801351620090975
disc,423019265,-0.708247819607792,-1.6321584850195088,0.321312032111423,0.04307477392968965
disc,889169735,-1.1066457204360554,-5.720591519027307,1.2229865663973432,3.830566869161535
disc,183598652,-0.981838388586081,2.1998122110543514,0.1412749943341445,-1.9127203160651682
disc,229875704,-0.7907243781962937,2.898113307158906,0.28782961452202227,-2.19885190935967
disc,822595604,2.257013488740476,1.1793428938852,0.9639865941696494,0.47446341060130104
disc,193410840,-0.3204990792892219,-1.0430081889612453,0.6271717384399076,1.118897837722195
disc,289462396,1.4699421390816363,3.877777033628734,0.16991718686236973,-2.332017914735821
disc,291660880,0.8373096028742366,2.1478897562436563,0.8742153124719803,0.017464263477654784
disc,492731988,-0.07347024326285387,-2.322669556229183,1.4837370754848964,1.9075293134567601
disc,14887974,-4.499330213095713,-3.426912945651455,4.106271230827198,2.8883892373479045
disc,643579270,0.5589201226068962,4.139253795651463,0.8371591238335885,-2.3071650452471526
disc,545323150,-0.1353499868893272,2.807753691248311,1.4445918023035889,-1.228366289184565
disc,158953775,-0.012331602540050354,0.5708744864143477,1.1161080133759411,0.7923463646370331
disc,34086874,1.1239074652910646,-0.473054008993986,1.803716476538089,0.3950230586614653
disc,406571423,0.3435611443299072,-0.4337840120385986,1.597192261683691,1.558289319996079
disc,18780000,-3.222028040861058,-0.4391793821131546,1.2081168226058023,-0.21291344898802844
disc,557350672,0.9895841758671975,2.416678217708638,-0.34072197094172413,-1.8714247049059942
disc,548347677,1.23863347752231,3.005347361416612,1.7056910981417632,-0.8737400320568247
disc,467851725,-4.127034642108602,0.47518985748175596,1.999767088467699,-0.7634596981607733
disc,71806561,-3.7097152319918405,-3.0959131593656894,1.1960042760558764,0.5784710059442786
disc,602957075,2.2273650808467274,1.6406957160911702,0.5937870350607206,-0.35750307623032823
disc,398345279,-2.981067171461227,3.210737832296888,1.625912840708087,-2.0834169314959565
disc,846877439,0.7883573640579632,0.04966035463473948,0.9319928205430359,-0.11401000770617677
disc,200700815,-0.2809942587023605,0.7610397253913104,0.3582821063060301,-0.6859293575909443
disc,811604268,-3.52778215185762,-2.7289207607877883,1.7132546921289316,2.246614326109769
disc,627661736,0.46835433858440656,-5.111210935582971,1.9480235433901463,4.301255467749666
disc,92842605,-0.3842574408018997,3.4445914226118943,0.6769125583291714,-2.200424934292854
disc,282235279,2.390984219992131,2.343410972802803,-0.44879659918934256,-1.515104961584902
disc,800479765,1.2156605853526066,3.279352310204769,-0.24083306194436113,-2.2907511786066044
disc,610315317,-4.126535974221267,-0.5753457808587236,1.9953181796770243,-0.06999735820445534
disc,74096990,-1.2374394544010556,2.0797672166306125,1.282780477893519,-1.0249351254219363
disc,603432814,0.9402530416028888,4.615088759326831,1.2530952435010145,-2.267032079631537
disc,49738981,0.981722962009461,3.652046164597598,1.262135500309663,-1.6438663972219134
disc,283241379,-2.052223784307265,-0.10731178832470847,0.8564493378480618,-0.41643730313620325
disc,435960703,-3.7475673512675134,-0.1483010707167925,0.8956464403870379,-0.5610892972386874
disc,549911067,0.6447207150224605,3.869208215167926,1.547462861255912,-1.6866752129111677
disc,56716744,-0.2302140947681021,1.0275559214585186,2.087103244549131,-0.21671235952605436
disc,867074289,0.27223227244966747,3.880475735990765,1.9142304417396128,-1.5686367462005464
disc,264696184,0.14189064521183326,-0.2667976853855938,1.0909686215148682,1.3989308650116576
disc,775944059,1.2604805008041806,-4.35610929652545,1.267170893557989,2.416008491151079
disc,920223021,0.6910122739352473,1.8452611631417204,0.7379637609896772,-0.11732328636883198
disc,489792806,0.7410773192458554,0.2321105087229019,1.6212851546599656,0.5656919345478751
disc,924334743,1.360777226869239,3.7000212473875633,1.4057666449147042,-1.4882189339988696
disc,156746980,1.3218887950964175,-1.432112593148715,-0.5149599975908126,-0.06618082780161355
disc,405905651,0.7170755878631372,1.588560408911745,0.01101245082477644,-1.1542340100612052
disc,408884183,-1.0460786693686788,4.813198900666216,1.1127019235137354,-2.9368405582465953
disc,582572083,-3.5282578781877936,2.857228974004233,1.5808648211799914,-2.0475707216435173
disc,828357135,0.6246253945315735,1.9742695206885352,1.750741288204685,-0.48622048284306024
disc,41695263,-1.1046990143627313,0.18888559813437034,1.5613813311789588,0.6042574391623546
disc,516912861,1.7731557725516631,3.9794055185927144,0.7639561406855437,-1.9890722949826503
disc,693452990,0.6321920191687205,2.8336071549880124,2.035788719974537,-0.8565443724493884
disc,235166756,-0.19709168060418866,0.6743664047473693,1.5933822397059707,0.7380138003153864
disc,515566295,-0.5351148945124589,-0.6734016811400761,2.2666242232176512,1.6031323579561085
disc,142372205,-2.2377966804677643,1.4377305920583852,0.8004216769140483,-0.9888009609174957
disc,783075726,-0.4530796176983133,1.7594909045452922,-0.06642423115032801,-1.6795865688939746
disc,354008902,-3.325586242713074,2.2951163631535136,0.9413547607786887,-2.066171993363887
disc,393358562,3.380798095659252,3.528005393514852,1.1109522485569354,-1.1514844702906326
disc,62400784,0.43253928527524954,3.330214044613346,-0.14651350297757884,-2.4508405727723686
disc,66125416,0.41382238473684557,3.759936052030262,0.35174115309005966,-2.4058050317524597
disc,557106943,1.0321668785381308,1.374580953012708,1.3487734659894666,0.2987608498669424
disc,909732025,0.16413815149888505,-6.837006735331577,1.4807056256736744,5.353654044667951
disc,123793341,-2.037689323837616,2.2103867085094513,0.010188109320571124,-2.2236201730844805
disc,730783705,1.9298455083127577,2.03796663388822,-0.486544683883669,-1.5756217042997682
disc,98454493,-2.7965668104741326,1.5644570478910929,1.0304496315161098,-1.1338998241204838
disc,965849924,-4.786142519876782,-0.6125504025571344,1.4226718577724156,-0.014256321002107759
disc,44455973,-0.8247597217176234,-1.3876630864328106,1.0716872642853412,0.5901720642654764
disc,947431667,-2.8551700757279352,0.052523034025738255,2.2027821711852598,1.503565636026888
disc,968904190,0.6996184173107293,3.4965131140891565,0.5014603013664504,-2.078829441980362
repl,972305575,0.3332919776908781,-1.346900362307007,1.547497664233935,2.318636001832217
repl,379695349,-0.8960720089950054,0.5184298359386537,0.43347545941290455,-1.8180479080901264
repl,725713063,1.9172780125345348,3.177530186641731,0.3155016152759323,-2.066718280089063
repl,711210590,2.5960282243084203,0.9319034591433956,-0.31274239104379825,-0.7327238681461349
repl,92526014,-2.3080219672491102,-4.650454045493414,1.2411518271120068,1.3527595358555335
repl,175099200,1.027844392549378,3.1892537236750464,0.319021384869795,-2.6342429775961143
repl,34950152,0.16200519210475745,-0.5054811509876236,1.6360926541556986,0.8191751126596978
repl,896711411,2.4500191858026756,4.749039893734584,0.785571578904338,-2.4866459121105073
repl,422255153,0.3236320666339868,0.39574619200452155,0.459513717252329,-0.641895399059429
repl,535558903,-1.3110177828807046,-2.0557973364993622,2.0422917684892705,1.9099153942595237
repl,490703069,0.1494494068588701,0.7211115796007543,1.0196544506577039,-0.9953686433777806
repl,326625813,-0.702853721070994,1.0426740621337773,1.5542363290177128,-0.6089812752167856
repl,668930288,-0.5453653712769626,1.4010223920384168,1.937146943591548,0.2729701634354427
repl,695002517,3.253571270020198,4.909247342842873,0.1269776858862383,-2.8214297825277437
repl,323551100,2.773525185500036,2.6785666505356547,0.08921053551869891,-1.3128237200684523
repl,348189715,1.7358054780434817,1.1688037931211306,0.6504285899095791,-0.5306007435618677
repl,629894883,-0.6818106746609656,0.9708165216254645,1.8265453590489173,0.35266538459013824
repl,700663050,-1.8493624594376512,1.5040560528716351,1.5650571719616377,-1.80610066664672
repl,513507782,-4.233729658238845,-3.3841674533282027,2.1427568158269836,0.9056478446953382
repl,194699876,-0.9506320013722858,2.048568352851294,1.5690624293976831,1.2957581976988077
repl,637913411,2.8166560566149728,2.2080710169287525,0.652160402540054,-0.4420399661880615
repl,429824383,0.6517697869196507,2.874690152227519,1.6560075941962058,-1.2949629066688713
repl,540454876,-4.605116721612894,-3.386013615580376,2.0657600008612707,1.1455813469330753
repl,859945397,0.9282394334968305,0.9054040755732854,0.042703673224695995,-1.3292455996715444
repl,779036929,0.7973541000885666,2.4113935003174247,0.7652618440214749,-1.8651646836291773
repl,241845619,1.1927884594638891,4.63358924347737,1.5630251745866701,-2.3509392517839536
repl,35952860,3.4142159290792806,3.5273675207752673,-0.6982527522343831,-2.5207898852097737
repl,431780274,-0.18293432089469053,3.756059904475147,1.4876668218734175,-2.566706034164278
repl,638899702,2.020991676462792,4.54976473671642,0.5756403130105826,-2.805981376842765
repl,686694707,-0.6886065767033934,1.3480977991439296,1.1121541439812808,-1.2870230211304745
repl,275873708,0.5662882136629379,-1.9077465411917476,0.703647226353633,1.1818910007109307
repl,53525736,-3.7597689638987064,1.419043469480635,2.780838153775563,-1.5445297811961913
repl,350851687,0.35223121358145226,-1.2884303401280035,1.4916510557714235,0.5380666645923162
repl,319214810,0.9404213586112362,2.646322833203228,1.056863066533453,-1.4831077912334905
repl,912370409,-1.2834453496489295,0.956391861683619,0.5062079977415498,-2.1540237641727487
repl,663703747,-0.7348942539504606,0.7254307562369606,-0.00348925974399983,-2.306311700326515
repl,115861260,0.8683089886453403,2.4968411795333556,0.17315887137242786,-2.389250969733346
repl,49611228,1.2101389280167985,0.5701101571795008,0.9445776694506341,1.610789914254871
repl,375320016,0.5895687084271244,2.2481764100684303,0.7183127257051559,-1.8630626799648224
repl,35729090,0.980777890565391,-4.3216349011481885,0.2468421241823219,1.924701759354869
repl,152346996,-0.01762774477959437,-0.4120420388923994,0.6606573537669207,-0.6175190379306441
repl,638177040,-2.5385396301434877,-1.656413902431593,2.254719928807328,1.5687970835372727
repl,303397527,2.74726217001954,3.23517138258439,1.2070800277985962,-0.7261673205180806
repl,627693290,-0.15004911198917448,0.9203331870930536,1.6389985633896906,-0.1972860453176319
repl,399774835,-5.76406423976335,-2.809780886159812,2.195382793704448,-0.42095936425671926
repl,813364790,-0.6543640464395006,2.658873768474654,1.3830912451611546,-2.120091172851356
repl,419856998,-0.7545001094813208,0.14018238454232013,1.030004990546128,-1.0098911872919716
repl,947921973,0.6722623432524991,4.347411398269999,1.306263907697488,-2.6983253439436132
repl,591298528,1.842335101539535,3.6066500960590053,0.9273003883331912,-1.819651690523379
repl,299996893,0.35862206501349525,-0.015088256598904335,1.0849652313212201,-0.4606286708837724
repl,248441605,-0.8939014317978518,-1.1492118526651436,1.2693884316589914,0.8775198882756354
repl,251553442,-4.296726219721698,1.547781400103964,3.458426112575059,-1.2723030502263049
repl,732804181,-0.3570885413825287,0.36503526405920983,0.7210829170057408,-0.17611208267767592
repl,450771219,2.2191719823731906,-0.004969850775175606,0.407839617193964,-0.2541368528819815
repl,267910621,-1.8355744898569886,-5.285549835466473,1.1399451197575625,1.4765641019042386
repl,906527754,2.8029840594615187,2.0811883260023256,-0.4645829708586983,-1.4021601881417354
repl,913023633,1.0868362454097893,0.6822041349573876,0.9896168123508063,0.0616379105742805
repl,532169913,1.3654246507798933,1.4384492205935862,1.2852525339222507,-0.33521447761011575
repl,111362973,-4.072057012844609,-2.3432584888524963,1.7094302842565103,0.15345476318303686
repl,117281010,1.5334935755503998,4.470104067713894,1.0428223723203034,-2.5613774417386623
repl,875762986,2.405155937209114,4.081605897590323,1.5514456925234945,-1.2439978359687869
repl,723473114,-4.154276296998628,-3.0727744606278096,2.709132334189882,0.9416034037046167
repl,714387866,-5.334519698218429,-2.508993772607433,2.4492503110319355,0.643917599185163
repl,287838397,-2.6212698452533236,2.203503622216811,2.4360848322107,-1.9213410666066588
repl,984296511,1.1041581243794354,0.4110651904161295,0.4042708105048574,-0.46846991001645544
repl,727106373,2.169443209062346,0.3831517827189299,0.7693727561185718,-0.02814665545064129
repl,542069507,2.208976230563352,0.5868181279792811,-0.2798924673691685,-0.877771785535801
repl,338931506,-2.990786787154341,-5.512251907881334,2.2408051790793926,3.4971929537095368
repl,263525111,2.63288320479139,1.7981038181808717,0.2461881445939189,0.5655276650680281
repl,835266430,-0.9576408354487818,2.9272927481244064,1.9905351565532627,-1.878788108796047
repl,64527290,-0.4746912880776143,-1.8095909557293208,0.43863141962351654,-0.2387775503761164
repl,727905509,-2.733432069426186,-0.5190347701207038,1.8916337785467798,-0.33138932338713245
repl,20143375,0.22781358811443433,1.054310151030323,1.4515284083798714,-0.030111546073990133
repl,571663337,-3.7727957350578984,-1.041943335260482,2.006624345484414,-1.1174760180571028
repl,330047954,0.5880417228885505,0.5609494192782132,0.7177915645937456,0.19918961503291152
repl,576405987,1.5632246456216752,0.6170101154669206,0.6476780750754422,-0.1873030609210636
repl,399336054,3.2844012682987334,-0.4186479453361133,0.030145896267203223,2.484322922518133
repl,234269844,1.9617333287089338,0.73213496146839,1.0749974425607431,0.5730274217359346
repl,979911316,1.597328671766298,3.8525874904836273,0.42669943070878724,-2.68504145794355
repl,145495099,-0.6132697612176222,3.479825787326053,1.8529930518368098,-2.2630681423795633
repl,989712283,-4.237351496561573,-2.180966308660061,2.2592106059193453,-0.014820162995995388
repl,697410221,1.830377241228732,3.6370338055746383,1.2325046945718015,-1.5358980054830857
repl,771223292,0.6692094628501322,-0.1185982057580558,0.9047021511645024,0.12659521614122718
repl,808842269,1.3659565287639832,-2.802702131035302,1.2205995543283088,1.3291671845749597
repl,221008415,-4.016534331258742,-4.821987044943919,3.2313735207812857,1.9582919460606631
repl,784906813,1.8631112649026353,-6.88206314320507,0.8808341787720682,5.348946447341935
repl,499056727,-1.8201083797965543,-2.9029025988256416,1.2317090987226935,1.2688286166254974
repl,827057637,1.6818407909437951,1.9016343839127152,0.1737857632199009,-1.3546717018591903
repl,697115903,-0.9970645516511076,0.4218606391015466,0.7480270644580224,-1.3047296192034346
repl,353919743,-0.6205995755554246,2.3421388839481905,1.1103230745994264,-2.1135034739476644
repl,25692977,-2.364911574785218,2.1300068093328846,1.6209726095527202,-2.4627338296175574
repl,957569232,0.4158740341509834,-0.6085629948994103,0.33398985237132073,0.08680597643293678
repl,883608372,2.462996797064129,4.464860873636137,0.8430178717588968,-2.2179311076727175
repl,231195845,3.3184657967593356,1.9059163056399244,-0.6671354773829031,-1.2160678641237148
repl,277771206,-5.56157754615635,-2.581705497542927,2.3018668201054298,0.13455385770475217
repl,807669188,0.13966293386066925,0.4299846532908775,2.1069829170472354,0.20945679123945501
repl,974563554,0.2871559366587754,0.811505272201923,0.07629158521056993,-1.5038864056112322
repl,614943180,-1.7825514508192113,1.4098312523109429,1.3525545821917162,-1.7733571631015008
repl,684473020,0.4153114695746944,1.6574343748391172,0.5730928179494328,-1.4758075668313602
repl,907352566,0.7030797061046026,0.3976764737678648,0.958721742248698,-0.08572703256362392
repl,628141992,2.342821472091747,1.7755314880907442,0.3477000481404455,-0.32332971379414327
repl,989292909,3.8213814977461036,4.107984893120341,-0.7245505287586474,-2.7609614916465364
repl,773171138,1.7702353332389298,1.7933364025126046,-0.0784510734928012,-1.3187573765634468
repl,32452945,-5.232799752076332,-5.813498634135592,3.506734945402819,2.9543739639666633
repl,682774238,0.5011298616750074,1.3514741894955546,0.40909462525209334,-1.352278598318325
repl,522145070,2.1219242436932477,1.7132478163556832,0.6498456575464507,0.01918289225757102
repl,383249868,1.4970128405910814,0.17446186249740214,0.8024652983388958,1.0613685325229971
repl,768457451,0.4735236906863495,3.036322651568156,1.6938424345721685,-1.4125933152308043
repl,385470061,-5.9222264582705035,-5.171216664422074,2.4128309307977207,1.83292872614848
repl,827097773,2.1705679812753362,4.564191708325852,1.4553728716190282,-1.821885576426092
repl,967184875,-3.286289131751647,-4.7631061056109445,1.9931556702078246,1.4793694080675954
repl,807243244,-2.424620781643291,2.522152333194792,2.3125589548156076,-2.115295687418083
repl,234970234,-1.1833863303908492,-4.949468013241114,1.3188906996630785,2.517523622703588
repl,920432191,-1.6240640445276586,-3.76495843347736,0.6621917762104297,0.4543733169899316
repl,728116987,0.46256468991787725,2.1323773064753775,0.5484183453672428,-1.9844578313411183
repl,292666162,2.2441508345588552,3.255349594151931,0.30599990346301686,-2.0046616004452456
repl,642022043,-3.8676033392113074,-4.093460269000593,2.5748613553318256,1.9362672729984869
repl,56564879,1.4518301118761465,1.454052080731646,1.0744213779264575,0.22944426836883933
repl,284584504,-0.12490312765627506,1.1784004743399683,1.1841752913533248,1.150621756031924
repl,905353229,0.2323653193738984,2.993882696592037,0.9070796378099923,-2.327557625821087
repl,394991707,-0.8061995363866273,3.573596123060213,2.4756129350486873,-1.786162469648562
repl,222420851,-4.712541824523402,1.3598200492164931,3.4008646473077944,-1.4261550542472612
repl,11156036,1.6185023989594316,1.6354363830081482,0.6096047021962119,-0.6893679922810738
repl,945105191,-0.044913576638711324,0.06459537190247691,0.8405322874162288,-0.9293159774253573
repl,253720453,-4.749289383066494,-2.669339051943159,2.1234831755135746,0.14609322694067528
repl,121471213,-0.37774897333020135,3.111371246149109,1.888880321784346,-1.7914687979094728
repl,570214104,0.450176032649328,3.6072536040121577,1.6665303662824358,-1.913805418796297
repl,131137086,-1.0601833786101922,-5.307162049024225,1.8935672582532086,5.147955341497826
repl,814876061,3.8153629431782794,3.2975572655296217,-0.9789801695811925,-2.400068438585098
repl,108196777,-3.663428339997184,-2.7618683637159074,1.6088790026165092,0.30481828225179197
repl,859554523,-2.2782163869039564,-3.8945463470747437,1.8119251907467187,1.9392061713442637
repl,863597184,0.665496934026565,1.733935735696543,0.48392619201167825,-1.6239206737209635
repl,383126441,-4.7172016793254326,-1.593725646310989,2.004838117469611,-0.8649052772258964
repl,996891259,1.7645606470330637,4.134683994644214,0.6015767961806178,-2.617570531487854
repl,912776184,-2.9802475266509867,-2.757184984594053,2.183722301239387,1.2553117487562364
repl,179296677,-0.493825935628784,3.1005686023516454,1.1738954849828531,-2.597883770009154
repl,165863214,1.303047829010796,4.7338010711872975,1.1477006182826273,-2.781148995872124
repl,26429127,0.3892833937443808,-1.352553832981694,1.0789214812033217,0.9207168841250847
repl,56625047,4.234990607792699,4.36210922208198,-0.9454169861339755,-2.9259955815728547
repl,252021960,0.17560402354266053,2.65614402928213,1.7984291720784984,-1.2284263876873163
repl,2106566,1.5684067855848134,-1.9407271613984178,0.867175287288385,0.7511521211603481
repl,57290689,-0.4124988661535792,2.9054438433134706,1.3795113510428052,-2.159430541144796
repl,918268868,0.08132183271628902,1.8080561326070261,0.3191844102466904,-2.1195259487832483
repl,129288567,-1.7356229141541608,2.0244926176975393,2.5867349067965186,-0.8373984115011857
repl,907735314,-0.530192288041464,2.1228530749142647,0.37707883810827,-2.6144735130998717
repl,93005529,-3.7357268637509318,-2.5035450415388634,2.253641498797642,1.5400394556791632
repl,809747282,2.580960765055441,0.8717133094870302,-0.1953656437605778,-0.40303657734716114
repl,759797423,-2.2436007627896366,-1.4649074771651767,1.4667753560562906,0.9724176978436002
repl,466295141,-1.782016984037209,-3.145187442505182,0.7565704373819104,0.049338147644545575
repl,712461677,0.6762364840022725,0.48630437955092226,0.8532182960549729,0.031564465027493716
repl,967680103,2.378219819448848,1.5053085600559786,-0.33633211037977745,-1.24612157245179
repl,457971677,0.5169836767947747,2.6135253623405044,1.8779510043973227,-0.8875540284342185
repl,415488178,-0.8545374624029641,0.19585907564116098,0.39991635345159665,-1.178410009342769
repl,270903263,2.345862778848758,3.8714952088377665,0.15768701358159395,-2.526409824315548
repl,563770134,-4.371277763221587,1.7602214701840935,2.7503552546581282,-2.2485493691450795
repl,236350130,-0.5617895500991648,-0.6280118082058516,0.3394382910627913,-0.8746524123973686
repl,184202057,0.4577864796013331,1.0485263545274959,1.1234974111508083,-0.1494837818273475
repl,10324053,0.44629387943074084,3.2164319799048036,1.737442069490723,-1.5524661891170093
repl,909503472,2.9577069748582354,3.757339557347211,-0.25668699279207585,-2.5063507788794492
repl,933180225,-4.028093810564755,-0.9363541413301255,2.608807063324239,1.5501079689922501
repl,66935421,-4.83898204369888,0.24737934881004123,2.105182770673893,-1.981410777552788
repl,810040653,-1.3292314282621274,-2.8888318880155612,1.9999459151650556,1.713737428909177
repl,122875211,-3.203105516854104,0.7048414651659503,3.023162661770225,-0.7591970620763442
repl,53037136,-5.026094019024454,-5.846136472083815,1.9463419819318437,0.9949469713465477
repl,496438808,0.25433246425741757,-0.5908095555214552,-0.09155158496478977,-0.9619357714166263
repl,41951701,2.582547680710318,0.18801072748383987,-0.16076392009415658,0.32079299523848254
repl,978904882,0.31358106114298717,3.235281116675723,1.0765683907312236,-2.285213915163161
repl,856671223,-0.29337500487945006,0.05424589678307027,0.9590102246445493,-0.744017930071081
repl,199196553,3.098425922471703,2.6068231849680723,-0.6648768581977205,-1.991660956254505
repl,79423780,-0.4904177318871223,2.456465869064326,1.738693536524704,-1.5127816693861762
repl,694186017,-5.304157754528016,-0.6802331110473464,2.5552313989574236,0.5411025563124101
repl,447938588,1.1595938148260154,0.06435182253390256,1.265902611007435,-0.08198383706442192
repl,79605205,-2.3072730254147635,2.1083734306053445,1.9356224163158815,-2.1158741636933778
repl,248672523,1.7736124882328395,-1.60892017972614,-0.027853816354753373,0.9671981685170861
repl,344297558,2.551010491900346,1.3600525957005964,-0.42356609131872835,-0.874711196457948
repl,312642142,-3.7269171818772016,-3.7357878910254807,1.9909573065665187,1.2846636488587933
repl,676604494,-0.25727277944260984,0.6281124640725869,0.4128366140420579,-0.8852506099303833
repl,703705400,0.4726275950088364,2.907701343946334,1.4768294473009924,-1.5613660859484295
repl,56354481,-3.560744608913817,-2.6145472683242357,1.7354933340216692,0.1563165082326244
repl,867938425,-0.10600587752530369,1.817989498029225,0.4072850103929852,-2.0628987619588157
repl,258763320,0.5232445364546741,2.9053307916433564,1.7575160456928003,-1.2467143312536235
repl,224937264,2.591006643388496,4.094950109953276,0.0421903433492977,-2.6801647653405336
repl,501199305,-2.5781910175653273,-4.837042674492304,1.3250740948445716,1.5468833193957068
repl,332440191,0.45853301330257046,-0.264214409412721,1.3010490389204878,0.19365569090335208
repl,132134182,0.534869014687189,3.605256488726739,1.3326874042440882,-2.1902162378804806
repl,995401014,1.9757022838669247,5.09420926741351,0.9694680719340772,-2.842056840548048
repl,147073697,-5.020085991883265,-5.013184466442939,1.9339181922422517,0.9835886731008661
repl,367684396,1.3348588846942897,2.5160831023271704,0.5537210296987267,-1.7546690598346943
repl,213229989,1.725058082535765,3.8220873841284164,0.9833688360050726,-2.0138946010968186
repl,71311584,1.5447061421962067,1.7673202882016954,0.5649147620956946,0.2656804496312826
repl,508066075,-0.13813460460286722,3.875067647338792,1.611770679110437,-2.4968231691264084
repl,634804855,-0.028439428327201085,-2.822783964039542,0.9738364795430576,1.2013120045680121
repl,538673681,-0.7489962817380934,-6.211017218259027,1.6819900946745348,4.498606303952213
repl,206699082,0.9604388353655121,3.1717604320024986,1.9391815485685826,-0.9421000090090377
repl,965781766,-1.4616646891671854,-0.4575525104745735,0.9338909849296432,-0.5009201519407994
repl,21987495,-2.712531764434863,0.2681830319094422,1.172034641196625,-1.8461220085621335
repl,180065087,-1.29116343068979,-1.118232692650437,1.0362255356218377,-0.5033116817724539
repl,622447686,4.1309239616936875,3.9024811642545068,-1.058778920327637,-2.748869582569709
repl,374841470,0.30636849725094434,2.481117432319864,1.707144875726708,-0.917709327034137
repl,42350952,-0.06654070596024278,2.0243941691359026,1.4773093782920228,-0.8415545378443623
repl,390538337,-0.6118510454424149,-1.2454561413092986,0.5744961980796578,-0.4293702002767773
repl,25361291,2.070423844237334,3.5296406118695454,0.7971373044396326,-1.7504829693486532
repl,914158261,2.4817293707583383,3.063422794231583,0.04439476191544486,-1.9491995719971429
repl,507723797,4.042199112484137,1.6271226975793156,-1.0547210197726218,-1.0008897862334134
repl,747614783,1.5211062639005577,0.28805684419465283,0.0621094893416821,-0.10002916886204093
repl,80526501,1.568004068322312,3.1704545458501374,0.2813753653113964,-2.337721242241145
repl,710843841,2.81162203587812,3.026434621500355,-0.3535865902429987,-2.1879660079965517
repl,132477173,-2.7277170015480836,-3.8888000911392373,1.6254043777622469,1.5729232757470006
repl,107329789,1.3220059003824172,-1.2381872613941942,-0.05138727980038164,3.371712419049562e-4
repl,888606994,2.438519649776474,3.677372180157551,0.47021370047199956,-1.9948107241484134
repl,626444247,1.6266681285465476,1.43609363158942,0.06086730201432369,-1.1342222718729542
repl,852484140,0.1475145957761466,0.22046713160048223,1.5617426374398682,0.3953133867417491
repl,959808310,1.9212930619547732,2.970066899328591,-0.03156365399321855,-2.2872354372806694
repl,426606895,-4.845035301166532,0.3641185262644906,3.2619490335966987,-0.2063155782454455
repl,318243762,-3.702920772344619,2.975502005273957,3.1594952881796203,-2.3508536278373224
repl,47697556,2.378655947738768,3.514581716527581,0.3677145178298016,-2.0275876381908278
repl,997405125,2.1188642750206177,4.3604660683856,0.9439964622537239,-2.2287442731461287
repl,493133866,-0.8785969063603706,-5.046652222220546,0.720808964216321,1.7370053790000644
repl,165570654,2.328915382479595,1.1193680939524941,0.5190584838252934,0.26396828827309066
repl,367389304,2.300124070835068,1.2516381505830891,-0.13584503104219103,-0.37160640964719255
repl,78308993,-0.7521181642778423,-2.3534110367396726,1.3057436997355267,2.1152093080135246
repl,112407896,0.7730958663000657,0.8792752716627746,-0.1652543864814004,-1.5782590249295092
repl,798916836,-0.09829418694369807,2.4736103315054563,1.5848255275400465,-1.3939073885769673
repl,771520904,-4.408382118255985,-2.21568109469056,2.3245162284780716,0.9314499868813781
repl,545680196,-0.6177704929904436,-4.416335375120902,1.156500319164297,1.9548639983627873
repl,441284543,2.475082422320755,4.074673235485531,1.0566500762773063,-1.6796605301771668
repl,99677230,0.1791385894467047,-1.514875359791371,0.1567469105134699,-0.3166940830152185
repl,206169900,0.0732018388281748,-0.9705578969313783,0.7868325586701056,-0.06778195423160724
repl,875531992,-0.25310803596524456,3.1297281989554833,1.2924510002420275,-2.328793484297329
repl,799456824,0.15097844325979434,1.2784240268073976,0.959197453549594,-0.7814554508667483
repl,99013662,-0.9682221803172862,2.4504185247323806,1.9579080472635126,-1.3606127020794225
repl,925880210,0.7611208689234488,2.1448139580946624,1.335194082526491,-0.5403644650424565
repl,964650037,-5.676472085820268,-2.4164658992543093,2.2145430255752023,-0.2151638128073834
repl,676112515,-0.10620649334765005,0.3961055180566947,0.0324884804518815,-0.9964920431077563
repl,491116939,1.0769847800635446,3.7120084989622377,1.903338558993252,-1.3719543656574669
repl,870215256,1.4790956191755325,-0.266245718003424,0.2874872816109802,0.1113091910589702
repl,329019408,0.5560268660203499,-5.500285530988343,0.11804755766738989,3.135008178276682
repl,477621914,-0.41237048432944623,0.5491331862993388,1.276964957862662,0.4123328897499795
repl,576250070,-2.455195479914663,1.200813444651783,2.6578679128208513,-0.3836889711261372
repl,944218376,2.6226971031047728,-1.4412909602788606,0.12986872935516874,2.262009918421769
repl,653524815,4.35040758884717,3.382977702934182,-1.212599347356758,-2.3888684561882476
repl,750496061,2.7442932350300673,2.0221331806839125,-0.2454547238693407,-1.0778017946447631
repl,367512429,0.6440563908493513,0.3788469331677898,-0.026524199762821683,-0.9672428256110085
repl,801883744,4.271920706061508,1.7781796091670108,-1.049820829588597,-0.7441742099773209
repl,909334991,3.406957617620292,5.303312339647265,-0.011129456339597638,-3.1644128227979094
repl,398266335,0.5793127760991675,1.850196336402168,0.5011486429091357,-1.6135198974591924
repl,978772579,2.165704119987768,1.474731152540565,-0.27107547898133166,-1.3098374675142304
repl,370948036,-4.694065351697217,-2.346390294389615,2.244521055743978,-0.41184641630882735
repl,782808092,-2.90728640657634,-3.6659671123308284,2.1096021980179134,1.0237879087084338
repl,651490510,-0.3913721274890082,3.638350780120404,2.110206655440378,-1.9565573968048375
repl,876952505,0.7262301676788183,1.7065538847620803,0.9300730609893075,-0.80876313869607
repl,883577998,1.0449144755208306,4.541164372981446,1.3608758343743812,-2.56799122586814
repl,750111187,0.0282870692099444,1.3794066678189536,2.41868868653708,0.3452422656034072
repl,721629548,3.0147097995863223,0.6139762765393212,-0.42048330439707327,-0.07313161412241669
repl,236015223,-5.057534023073054,-1.238989676014329,2.3190243012604626,-0.6785034559275329
repl,736089595,2.2451431376421818,1.0294864835470485,0.9743201538667398,0.1558686534667497
repl,301953547,-2.94627850753124,1.469960132515139,2.3600439741105754,-1.55919953736634
repl,925489964,2.216858404864809,2.626026075661049,1.1663563126599352,-0.3963770047356733
repl,66786967,0.7989345085543077,0.19048592404594225,0.4045171891687809,-0.036356860776035664
repl,975628310,0.7342051856185233,-1.4148070031370774,0.9639694285551411,0.1380173053361858
repl,56932046,0.31015887539679077,0.7622078199567791,1.9328159659333681,0.03588308715293748
repl,985794308,1.0997184178623873,2.257140808664144,1.3275632802604136,-0.8127225393975622
repl,465875001,-4.7876168333567986,-2.7796653212329843,2.154860067275188,0.08880764349112519
repl,246277817,-0.8925182412146306,-2.7303389421349205,1.0885706360035317,1.6286852867804062
repl,18478837,-1.7888858387981312,3.0615509952828304,2.510853214712178,-1.9280151026809513
repl,627809924,-3.435524616535395,-4.4192327405415535,1.9117241637329243,1.9592071309897838
repl,145666160,-0.3898290192173731,-2.046259813595929,0.6332954216571788,0.6655881803335874
repl,964357337,-0.07207090702710385,0.5331322249194218,1.278456500719886,-0.4029535709008319
repl,450820860,0.6243505052488069,1.2858493728689517,0.8032903861072924,-0.008537503000059544
repl,696374604,2.2245984356277724,2.4146428488491467,0.12050878739318896,-1.367030926323561
repl,664718686,-2.222841572086507,0.013931344925357471,1.0423644220609434,-1.2343846018642417
repl,589096997,0.548819575742757,0.12521475742754717,-0.34702926864491107,-1.315612398505021
repl,353534261,0.37144837675941184,1.8612313571831391,1.187212236873861,-0.7617717835303389
repl,126216044,-4.039901370108821,-3.966512988385265,1.8023425747491306,1.1212059044851617
repl,792083911,3.2567418845225498,3.062351924871006,-0.718430423197977,-2.2907496058321577
repl,628081946,2.7673883667360974,3.5894296142335347,-0.10955119899118895,-2.325745889695979
repl,832509529,-0.9577764883855546,-0.4211685122819354,0.4428874989718228,-0.8037901981169847
repl,3136435,0.8592428043483297,3.7105748048820617,1.6875191875584092,-1.7257127979705782
repl,918082782,2.5224559826013793,3.08278527970468,-0.15674467739825768,-2.1453405595315505
repl,801765149,2.759443574925316,5.388227101977608,0.786208730146815,-2.7933895226130043
repl,687501594,0.761926835276744,3.0479430547462507,1.2380477625756505,-1.657320854815962
repl,452588317,2.330953634969871,4.106762287900776,0.9159821887368299,-1.9444929516312004
repl,894699631,-0.8088032164162827,-3.3568121432219535,1.1631371442882859,2.2444849562059876
repl,565484457,0.38144773370151946,-2.468731456258785,0.6332855893473487,2.3512486356444557
repl,253626325,-4.191801478382101,-2.024433674787462,2.276295782591012,0.20795078399093986
repl,315129936,3.5823348216187676,1.964021785377707,-0.46914363534563136,-0.727721967127033
repl,98088350,-3.6958687584283285,-1.4157609056695983,1.8182764043538069,0.6097322456993263
repl,605904612,0.3460798784980169,3.311206629619408,1.984539687791541,-1.3945901612122638
repl,531320145,4.336934558517796,2.0738315612524407,-1.202518256192798,-1.311312679393254
repl,240842292,2.825367810466906,3.356386369840274,-0.06520647987930743,-2.131386894161701
repl,565438596,2.405456880409991,4.953912012643256,0.47126119203318906,-2.995566494531788
repl,825317026,2.683439598792205,3.7983431097676026,0.061301148432765275,-2.3690642806581996
repl,654152030,-2.512894526277883,1.2151015013792588,1.9601642913211272,-1.368336652077519
repl,197614957,-0.1653525376618181,-2.0203929659004802,1.4732845815488231,1.2868413853548832
repl,942162343,0.9135960112175208,3.5471086093142317,1.782202941245681,-1.4751784608961214
repl,754846126,1.2445621727099254,2.0881097233881483,-0.21604823214024801,-2.186944218979458
repl,425230286,-1.7988553017268696,-2.455284808537536,1.334056049191096,0.6740500024352325
repl,704051317,2.627789721630293,3.419190915944176,0.7893537127277552,-1.3536510648413405
repl,165019616,-2.260491157472406,-3.3942225701510798,2.399362559117819,2.574114172132431
repl,149901080,-1.0986389086419275,1.7523355106323033,1.7861381862883934,-1.1029044355923303
repl,912453243,-0.10026039589818234,2.6813974451523266,2.879684894294373,0.40354644838198767
repl,830716620,-0.04236753107495723,-2.809008416891332,1.7007467917214785,2.04157891532698
repl,761390544,-2.87741931423446,-5.008625223420779,1.3412447372166978,1.186886237653224
repl,175831846,-2.7509803496509426,-4.154311041488849,1.3408692051300706,0.5671377384702452
repl,562312146,-0.428787879310104,-1.0467005359822343,1.7574582760456234,0.814083379792772
repl,526571097,-5.176241627598611,-5.480564558436287,2.277577543000828,2.609392504011127
repl,227394651,0.3866503845556345,-4.054674762945744,1.187784674343923,1.6946121650317862
repl,139126239,-4.752292269675558,-1.5343620502491457,2.6330002388290628,-0.20607269498380515
repl,103008659,2.449473007469194,3.19403549317262,0.24974452799673597,-1.8852858265189338
repl,171879186,-0.11349214216650735,-0.4652628206310571,1.5997525343517431,0.19842152260273485
repl,612677041,-2.9858281958946846,-4.600342054819944,1.2880583539040267,0.7761381113409651
repl,576818850,-0.5001204547337174,-0.15113091666428374,1.500177565675061,-0.7453825674825482
repl,528817049,-4.702867160998925,-2.974050301362671,2.076520247801601,0.487401351873242
repl,189223282,-0.8776436871148492,-2.1995166928912395,1.0291823389815304,-0.12466150803083845
repl,155078647,-5.079496856021983,-1.4515838092369173,2.549315131741669,-0.33409176745031344
repl,658873975,1.3539703726324959,-1.114751948506978,1.784470784962074,0.9209716832006385
repl,883129198,-0.6256152391752401,-0.861620666962755,0.5362492853202332,-0.5328567296773378
repl,688937854,1.0788586065073358,1.8863382961462645,0.8202027472887997,-0.904759093104174
repl,401861872,-4.415974430529729,-4.714950032076413,1.8612613238617723,0.7992678175867852
repl,745986711,-2.2010781670030477,-0.9207089771916818,2.133163543081695,1.7035277598725787
repl,85356240,-2.157966873101112,0.5525183937996205,1.5123779251039602,-0.45331265536967
repl,41997063,-3.723028038033031,-5.330035928763781,1.422107795513977,0.7652072684386984
repl,468162325,-0.06032707354821441,-4.62627158949336,0.22088643705163932,1.4032202070114834
repl,197412143,-1.7814261663473658,0.977827587390255,1.0920074999432445,-1.9547272902625117
repl,109553240,0.5596379693941107,0.35295256234960704,0.3090941639701476,-0.7469383799202142
repl,957238954,-4.759073637699794,-0.4246978298555151,3.1187379754144238,0.6426752902650424
repl,848716885,2.5835597845843488,2.940944608436765,1.3452835516480142,-0.5835674295265437
repl,328639391,-3.9983284125821963,-1.930162212595962,1.969854320832888,0.1386655713496422
repl,254965061,0.227352304496173,0.5944182011830424,0.7696738705526197,-0.9685671559265316
repl,317270069,-1.9698110875076371,-3.4178516095364597,1.0624119245907495,0.5385982740752895
repl,197464249,1.2414804026644406,3.3388551020886443,1.4632824215951312,-1.4408856199480926
repl,533362944,0.5850908895358454,0.7618035674266083,1.0658937316161257,0.03643585473839167
repl,387318387,0.3744488731295619,4.11402406151384,1.8291779607803345,-2.163057616685624
repl,513177396,1.6954681024722478,-1.6201320292787202,0.5033364957502732,2.331198648411366
repl,375154218,-0.5198933914921827,-0.20771567118420484,1.159554526677715,0.8641071400606625
repl,490624808,-0.15003216012957246,-0.37273466955090134,0.9034232631861174,0.42986330587115296
repl,258282592,-1.296917786759562,0.08072180823432898,0.8066891381713892,-1.412416464010472
repl,937307440,-1.7524218303866985,0.3642575241116644,1.5856014792433086,-0.7923552711458144
repl,326589894,0.760960189665054,0.2927443887515292,0.9832334090672972,0.3530661917569921
repl,720403148,-4.429296244284475,-0.0941995010244597,1.95985315782222,-1.2994251759246227
repl,798739999,2.37721684814624,3.6897601371788387,1.1417347280367005,-1.3698943810315956
repl,907165262,3.542722436184378,3.390995788835441,-0.8401725062839872,-2.501634064591915
repl,282697533,0.2258981535047137,3.694332645831722,0.9127186079870854,-2.873024380521693
repl,514563934,0.5106243573955604,-0.4500182785759047,0.6911659866939798,0.21211423876536165
repl,383225220,-2.2966531318204764,3.1268364467657186,2.807687834497695,-1.9799500001437882
repl,247955461,4.047659991329077,3.9940333450243695,-0.899088854260606,-2.71308384909093
repl,238182608,3.2021670011710053,2.692638924470706,-0.37520443226397887,-1.6716159400192603
repl,111583676,0.4006673515133897,1.8625761690789693,0.7228086342220947,-1.4426563146853046
repl,411253184,2.5452844281367693,4.053183335443472,-0.003012915284737477,-2.7226007243837245
repl,827075153,0.9322323177886231,-0.7140118141577794,0.18149611108838426,-0.10762002956531688
repl,676041179,-0.5495951597812216,-0.9174805180875941,1.9349904561138387,0.612309666673141
repl,50887990,4.019111831271227,1.1836783927399943,-1.165341556586979,-0.843531487563726
repl,346327921,-2.0260400877851708,3.451058928128586,2.7232706556782382,-2.1391036121125433
repl,648258265,1.0943340113489752,1.1074647093578684,1.4675530675595423,2.3967245152795105
repl,100016539,-0.8299859752867542,-0.9201034995596309,2.0023031181660396,0.23500751669332048
repl,489810344,0.8291241131693712,-0.37764530425650444,1.0214161831986723,0.9127408164990797
repl,410460272,-4.359433254136043,0.9374122320011368,2.97178019484302,-1.4345728345737307
repl,701275550,0.9885712428319328,-0.9939423249881463,0.036160955884746125,-0.4483958558444033
repl,703882092,-1.019160565612554,-2.2689649027277117,1.6038007941853907,1.6564989063262459
repl,605431094,-2.5118730946834598,-4.874770742018006,1.1530828773655875,1.142743926688437
repl,218517107,-0.14936591424858237,-0.9702004145914593,0.5719547722245465,-0.5833003359984866
repl,197314753,-1.9718280421518595,1.8482767361258998,1.5000795009325334,-2.1575047127075098
repl,837737241,0.29388033655908213,-0.7210980309215218,1.5808815620452086,0.4006539310288712
repl,268276216,0.41369425447142644,1.7774630487427567,0.9993466815986273,-1.2418415376254848
repl,88317635,-4.490482676600944,1.1895850319719892,2.942220642171129,-1.790660548994578
repl,398879833,0.4143470080056668,-0.5235375929172905,1.179035355726833,0.05678149792328555
repl,264361419,0.8199991533603035,3.6933639480700533,0.650729400892047,-2.783874606314752
repl,790868221,1.3423551914849905,0.9154067903186556,0.5441227763205354,0.510851480250125
repl,572464028,-3.747685172186747,-1.8158000498658493,1.5569052977257491,0.24921478791777568
repl,819180689,-3.852724423818717,0.4935683183226325,1.9757430325680867,-1.424466656059
repl,256319310,-4.594700931001077,-4.155656807305882,2.184684003479296,1.6109384817536518
repl,785924219,2.404431067893293,3.57557306864723,0.07655602504236857,-2.3811562679007365
repl,389575670,-0.0055196502372662675,1.29056477718368,1.9084010717365145,0.2586648508636438
repl,692597021,-3.3902416301704816,-2.8775739961982283,4.025375500011335,2.68155365118999
repl,849521762,0.3797379203059502,4.48856051403055,1.5433284572426382,-2.7316491359923005
repl,656288159,3.075264333317753,3.615888777162203,0.32466909707492303,-1.7439301469032333
repl,413676161,0.5375142637717373,1.6862189181749625,1.1817439660438016,-0.8861556379428249
repl,128393375,0.16579563183262278,1.9811078190873712,0.9528688560787576,-1.6482498410876827
repl,837385189,-2.793887117417434,-0.9187958228681937,1.6136174076405627,-0.7357228985555022
repl,778126156,2.1297183857286606,3.331252921582366,0.7803844514516607,-1.6145901563253253
repl,154283051,2.1519643642034856,4.193459913166962,0.7018783287883954,-2.3331507872289166
repl,556064150,-5.191656231967417,-2.121645378791933,3.8212720584789626,1.4810549413844627
repl,934734759,-1.2568755700615706,2.176583010897788,1.908700247783341,-1.5457334550754125
repl,362725419,0.18809580242456864,3.109305026984123,1.048133137863585,-2.3160170031089176
repl,315754080,-4.160571032750839,0.3826198589507517,2.082969259342918,-1.5492823706929033
repl,280726476,0.8834975032390909,-0.18214727359454205,0.618255669951385,-0.14601545523030798
repl,955543880,-0.43652808661534587,3.306425800343855,0.7506820032345012,-3.123830029714985
repl,425043063,1.2816868137666042,-0.5538975656034419,-0.12882348824510503,-0.6271007851641376
repl,559320720,2.213624122143779,3.050733360122654,0.6072767707945873,-1.5554291412844157
repl,336801829,0.3208262757197385,0.9853254212177563,1.6421640217743056,0.1346289937507332
repl,599021840,-4.8752705559203084,-3.289731387242537,1.9997562569854446,-0.02903274683126499
repl,636141146,1.790092785679305,1.3648676678038523,-0.021594848261912714,-1.242235611851526
repl,410318562,-4.065202744305409,-1.5072042856934482,1.877841731124864,-0.5971983224176413
repl,566401922,0.310828743240883,0.12834981497555764,1.5112359759155667,0.31962294781357914
repl,667781173,-3.3691869846065665,-0.932949276057462,1.3046764345706003,-1.4237519379168504
repl,638654444,0.5792479807272495,1.145391702212839,0.05458836826129412,-1.419116082135897
repl,574157720,-0.5522624358456764,-0.4174919237658108,0.8291233039090149,0.09657347308685753
repl,560151914,0.3626816383643897,1.235223073498821,1.1821281671169028,0.2781551718809728
repl,480978450,1.3223996454678502,1.389713268456025,0.6325377763081582,-0.7425500185312875
repl,873906133,-3.026300483510912,-3.9603241063785006,2.24326466591983,2.0459389568387034
repl,146350081,-3.786261326089625,-3.3044862550270473,2.0236430410723916,1.074567668845791
repl,813906969,0.9596614407621153,2.0148982075162767,1.0035489293683313,-0.0018870938955075527
repl,88007878,-1.4682940102161657,1.1933050941084522,1.4783361305508882,-1.043976165005609
repl,935187836,-0.6437517990780909,2.0861819104245405,1.8932547619104891,0.5899944269222891
repl,23019414,0.5464899330613505,2.204250720263301,1.9814471960430269,-0.330176518688439
repl,57736986,-0.12131167176926277,1.8985295234347679,0.5531547566281522,-2.1157580207750595
repl,91331293,2.9412920489728345,3.56678140227609,-0.3816102605824117,-2.5169218683024264
repl,655920631,1.1847806783061412,3.8389575352031313,0.8046723825437688,-2.5171889812633954
repl,472711786,2.9151836827484043,2.6089253161564194,0.6191233313827249,-0.7883607157958153
repl,370308412,-3.1071892079097267,-4.048341846813536,1.9066520194157806,2.5756887782253037
repl,909644765,-3.0780932110312573,0.4442863695081259,2.1173499802879565,-1.3965847281884374
repl,755434150,1.0555432760072112,1.5901548206724574,0.20564719456055292,-1.7535772443336093
repl,803824901,1.0227678952709423,1.9943566986871286,1.339713627410449,-0.6256376059323884
repl,646904298,0.7529541336551652,-0.724917899064181,0.4693591997450051,0.9014215848998829
repl,417306689,-0.21309961830441498,-0.8939667697806063,1.1832194938038558,-0.252316839082508
repl,562917133,-1.5194861128593176,0.22070133464179112,1.1039748222528643,-0.15205551979377774
repl,641640705,-0.31662165251981483,-1.1326071044471668,0.9959478991792585,1.0199364175465573
repl,121151645,3.137761713457245,4.7089905371004095,0.6787650090581824,-2.1756635362865904
repl,647845238,0.9415961747879203,2.4765896299533385,1.041473080352211,-1.4241345029648633
repl,622901207,-4.103921050652662,-1.1968396077361991,2.1556638399903774,-0.2719535954203201
repl,419626777,2.237635792232466,0.6910318230866466,0.2398051181070084,0.06976935667624777
repl,87600574,-0.5488646113082207,-2.2517931442034183,0.4997629768729348,0.15760408754735253
repl,261643400,-0.7119436465648404,-0.7218406665609753,1.9304238006533558,0.6768147592584619
repl,519977999,-2.046343112443644,-2.0590673753117525,1.8449941188119408,1.2609290926606544
repl,870462489,-4.52755461235507,-1.524288994102501,2.975187358769133,0.2616079324875723
repl,977807242,-5.007130067082557,2.6075341048889533,4.362661121598718,-1.6037528139339683
repl,390721049,0.5640023957252527,2.192166387522833,1.8500547280359978,-0.22349149412202068
repl,618450217,-4.353901190148009,-2.3438778617047253,2.391854428202721,0.997287311464384
repl,883593915,-4.613858475039153,-4.756642989340141,1.8489097772467256,1.0605104154240967
repl,567405417,0.950427217991232,3.027736128356061,0.7452557235565793,-2.0887407797507076
repl,998902933,-5.046420982097197,-2.0574943048506302,2.9522342688971617,-0.08109871689586891
repl,959212652,3.3764927156590043,3.8072353159243804,-0.5519585137994024,-2.602768854253428
repl,87274679,0.8504349826390097,2.731101856370924,0.617873524042996,-2.1292582851829565
repl,729194848,1.9911472831020864,3.8127065805726605,1.4207543872742734,-1.4198575423101707
repl,604079221,2.90184083361902,4.336181455093918,0.7290914141341295,-1.9812558167482093
repl,472037034,1.1271821269233664,3.58550405836015,1.171611126672066,-1.9555032928183456
repl,701787525,2.115909767125077,0.38210441279475843,0.5197576602142238,-0.3670733049345343
repl,400666329,-0.08003182754138806,2.263152314729926,0.27099922303558316,-2.5789913406162905
repl,894130734,0.5150796701820773,0.7007624837700704,1.7447231098303073,0.4550349867783108
repl,520094628,1.0627399871668552,2.5945936663719578,0.3440650959160955,-2.056385129729365
repl,71940772,2.2855426247582464,1.8968821423735918,1.3562080295480579,0.21021167960860296
repl,97031896,0.3067538984962185,3.530736382828533,0.9326074298597524,-2.681861566772775
repl,492204745,0.8538098946445497,4.087038061548948,1.4222353069044964,-2.2710819362606323
repl,552155967,-1.6002815766361995,-4.076263872798373,0.9658534323409415,1.442410035493171
repl,938468185,2.071519117516177,4.662178805484445,0.45461288300219327,-2.9895565222628178
repl,797481025,0.38981642852822823,3.5290316969649855,1.7996214564508954,-1.71963103537307
repl,308603349,2.814331686869871,0.2827843918822701,0.023186405371717258,1.0246429324211717
repl,712697225,-1.1367620494007291,0.016168108681976125,0.6064195689143873,-1.3663481179212251
repl,897358579,-4.358884138852235,-1.4877090891858218,2.175480577936279,-0.45977719603941714
repl,744537194,1.2145908008772743,3.7507577690885596,0.9240339524666369,-2.336219535834074
repl,941769936,-0.032125548499270455,2.2398434678346417,1.2515458711135872,-1.6347227765110552
repl,938383245,-1.9445827167035292,-2.452740571962372,0.815888715449881,0.294764305945591
repl,106981112,1.2761598578609352,1.8581112348750661,1.6704503181292387,0.06471636392378226
repl,397025427,0.8444115359090956,-1.2051293566876295,1.1143522800418009,0.6614118847700243
repl,801295556,-1.7380692860351936,0.6851127795482413,0.8821932883289573,-1.4805509571661952
repl,733905469,0.5108870158036943,2.0061673589511853,0.6082108972084118,-1.8466817597392222
repl,649882214,-1.5388913842151206,3.2305870298515273,2.491742361849041,-1.9381598967181939
repl,127798838,1.562389920152289,3.4407568233892047,0.4184541854922598,-2.3941467336684283
repl,23873980,0.5844740797225056,0.2794521093895391,1.3752134688931144,0.4513702800207843
repl,33061424,2.3944158867655627,1.9861685124631208,1.0634230041472146,0.25124872700041506
repl,819969990,-5.646519559646309,2.3539627393458105,4.144379369696546,-2.001268255721072
repl,637509378,2.4142281631996156,0.47096778591372196,-0.0421387496042847,0.28539928887425564
repl,185602607,-3.6594997806865326,0.5413641641937169,2.2493341577365658,-0.07318827563705126
repl,172643491,-3.448906968413244,-5.304816544287237,1.9358492224037054,3.2101887453603286
repl,643375733,-1.4744454467439656,-0.28548180024315584,1.2017915660053096,0.998972407496693
repl,94420701,2.1864033463628747,3.6720256594875926,0.8098079463653807,-1.8176093370218767
repl,974152394,0.1467459749024854,2.49223149301792,1.8373995008519644,-1.1234612168659623
repl,13206229,0.961933009200923,1.7700225326300585,1.2613960209385222,-0.6244579335467629
repl,24505368,-0.9494623383517964,-3.5940082505728297,1.8351104353886785,2.397034893453212
repl,750291875,1.2978656757920168,3.499077035061393,0.829612826514675,-2.180244468594139
repl,845929263,0.5333125845909877,0.2744206541911151,0.2763621830220165,-0.5647026641859199
repl,50840536,0.0038101652920321206,3.016590163866907,1.5645445233138957,-1.8807542067748242
repl,856655151,1.397665419399248,3.9234012161644034,0.5613841879097226,-2.729349011080951
repl,597561576,1.796170659699563,-2.4563513924870612,0.3208289295822103,1.6556448640400243
repl,293904395,-2.2813351418754,-3.43267361013197,1.5181249585521563,1.9932992779031176
repl,487729163,-2.7792854289292555,-0.41504131055858884,2.017832632703525,-0.8759148844014524
repl,716366032,-1.872807362895732,-2.884853322710342,1.8595203349660876,1.6920845832698241
repl,649049055,1.0516751036296026,3.1939998932375673,1.1189697384198816,-1.7481282814710004
repl,978729329,0.45272346454433665,-0.040442483173192316,1.0883732347889081,-0.305073561748776
repl,678566979,0.1590078619804189,-2.4158358615877726,0.5672705170053224,1.0579481546788916
repl,597752732,-5.2752485160418745,-3.750713110824352,3.6930529344980303,2.8935950646351527
repl,699275434,-1.378930541345681,2.1064688683522585,1.530284152419554,-1.9916311368344604
repl,219912554,1.5382417770120285,2.550201058836944,0.2105414025545744,-1.971880758393499
repl,743822960,-4.351610622883067,-3.2273198949076827,1.8525317155582908,0.1589448672839954
repl,776506350,-5.035639436979282,-4.1275836630389096,2.49908136629197,2.773780449762314
repl,248809781,-4.895317939689612,-2.8143186887073703,2.1557902958486217,0.20432757678514535
repl,782587260,0.35875329555411223,1.6147562830910862,0.9961876278327966,-1.1744107193782707
repl,913450197,1.3099372734971566,1.2468396385384828,-0.08720285011142748,-1.2430986013365866
repl,337001236,-2.4123643445872953,1.4229285830921719,1.1464935901680655,-2.5177177945104745
repl,709563735,-4.469781072036131,-4.711052070410428,1.9276344452883012,1.7060329406036971
repl,970280701,-3.957334967285938,-0.5028013202171123,2.286549616229843,-1.1516051830180327
repl,800986946,-2.992565540952198,-1.3305103393067546,1.4373780028618666,-0.20762387570265853
repl,225241581,-4.184512691337523,-3.8093314454882345,2.4639252786615553,2.809888369980594
repl,417934797,-3.6934895295904617,0.7794565688627824,2.4903732856052776,-0.14397014395597812
repl,339561918,0.058001015831958484,-0.5113300265070945,2.306138095381369,0.2827982320880519
repl,869423213,-1.1233604055725432,-3.8184923340543517,0.866298096103263,0.6069424081083488
repl,489272320,3.9033656510735364,3.19897113739286,-0.985818481949961,-2.301772006039821
repl,684318888,-1.7386359074066213,-4.852926964016281,1.4512954679371555,1.651455368790816
repl,595339829,0.11269436903186007,-2.7988636912223654,1.2787581160949564,0.48865513150570067
repl,450036719,2.378675135147288,3.9697509829578435,1.2106999155193385,-1.5108506978698193
repl,593600469,-2.7238570847864065,-2.802624704326053,2.4107520658575528,2.780232930405142
repl,838108916,-0.3544192359611245,2.7897940918890103,0.511916691319085,-2.934325871558424
repl,271845252,-2.0292594100923322,-1.4206595889385276,0.8148248494732541,-0.31471242762896035
repl,960586449,-4.588381287924186,-2.2784307303871327,2.0402345796949715,-0.01742683654288859
repl,153836080,-1.962999494432808,-2.506098120485079,1.9968415813371632,2.0534707852662657
repl,329856586,-4.090320674836523,-3.1599640763764367,2.7624408806827665,1.8245041948958283
repl,791784190,-4.393913586797132,-2.128223586663157,2.328722773908252,0.8690478298706833
repl,389177616,1.3928409041224274,1.2951096606376558,0.009515485107296924,-1.2051512673204035
repl,433188014,0.928911764042386,-4.1511304328716765,0.6176594122278519,1.5840883602707811
repl,455498061,-3.776615604061972,-0.872784026761041,2.548126347812294,-0.6783480154084021
repl,420406653,-0.21894438581614753,2.926961195619141,1.9897169074881027,-1.4280760566313544
repl,233640595,1.551551200632146,0.27472640386148806,1.6010795998585994,0.13022399102862545
repl,675584619,0.6375003670162475,0.6145848970270651,0.7198419372573843,0.09543659917794073
repl,638738480,0.3034641915240032,-4.245704678682051,0.6822197844780095,1.6320900312815487
repl,605818591,-1.5949454750863568,2.565725267877593,1.6135816515098582,-2.347588975226941
repl,868021494,-0.3884072029217653,2.126083187432503,1.6066997940107823,1.4409907954615397
repl,291073980,0.4276193802424943,3.4910999787608206,1.3174820592815795,-2.1920526348852145
repl,143144088,-3.8382259999131083,2.461190422799254,2.2974340804262643,-2.9271225102993177
repl,642785132,0.8726538265236577,1.542888029094449,0.18276689349533187,-1.5571381919650813
repl,381573618,1.5369735931934287,3.4732199802237567,0.9053568579600295,-1.9751607580180919
repl,209833195,-4.2036134413893995,-1.1928523424746846,1.8734673750860311,-1.0239460914738063
repl,878728597,0.8338068164128001,0.47589687233820627,0.6734444747075308,-0.5466924230256466
repl,76825554,-5.650435304651162,-4.522084885325992,2.1767271896631124,0.905138431296834
repl,233777932,0.5994123426675045,0.17668980546681537,0.1813525448278032,0.003097849115732193
repl,659886367,-0.24626706866232734,1.9852711104688645,1.0816325804444096,1.1207617781577373
repl,740309173,2.868419334962758,3.9244094181417806,-0.15734380058240643,-2.5927376954471746
repl,20049886,2.5644408781663777,3.185411893534861,0.8289490097373271,-1.1394207944409314
repl,945393470,2.625391402019928,2.711745233761547,0.8690414753269942,-0.6297155473813534
repl,31508665,-0.47830645587279996,0.2580855303992212,1.5826636061320616,1.5416062442819438
repl,423632802,-1.8490486305294545,1.6516841762452883,0.8844805336960766,-2.5545146522822875
repl,536259578,2.349729967983485,1.276070959815624,0.23573192757665856,-0.03570294322586302
repl,183363746,-1.4864272475032103,-1.2004278054932955,0.8327478707976982,0.039650721671008575
repl,304548102,2.3148578836489953,3.7397904756022364,0.6834470081223804,-1.9425150441377588
repl,399100989,0.6340265666090911,1.3815493925079365,0.83955573540996975,0.23454291701296645
repl,941320861,2.0999768494659783,3.90500483035598,1.0958369058963016,-1.7532287774170254
repl,637286442,-0.143305084357757,3.750028153434068,1.6840587369617173,-2.3470018194637285
repl,816072769,-4.369775208076257,-4.592700764744622,1.8636213306015352,1.022389261562296
repl,6341369,-4.386842446598647,-0.588098399950963,2.4133845800160505,0.8402337135294453
repl,9904076,-3.3687626628389453,-2.0308719661706736,3.0058325732472744,1.767029954953909
repl,400706876,-0.44993318958047684,1.181936395202739,0.8032731726926836,-0.3915903865887741
repl,406016780,-1.592282504204509,-4.018420047731351,0.6024120027109657,1.1297600101553373
repl,840212085,-4.3917925456660605,-4.1983770554016075,1.8880769608679016,1.101164223894477
repl,356031887,0.7195720160945716,0.6514220877636487,0.27058410110861125,-0.0863740298361682
repl,463060121,0.43706025576632973,4.972635795471294,1.687447414750464,-2.9168572077995845
repl,76091555,1.0187264213982328,4.253527853131797,2.003160014711167,-1.717877239935525
repl,845721068,1.4600443120828135,1.4289897815283639,1.3146320072222193,-0.17187320751130555
repl,179375372,1.7678648025756214,-3.622322324490814,0.7401543685571533,1.6116131152579543
repl,142456852,-4.401462896030999,-2.7305742738102587,1.9174997015715487,-0.16813295439377587
repl,536997416,-0.5219741231751431,1.2404723628596404,0.8309531277036397,-1.3235019509547692
repl,327129908,0.8769932683336008,-2.9343597096242586,0.46609258248354757,1.2698788662681244
repl,895954413,-5.0708797873436176,-1.151260774445539,3.053751509440833,0.14095623656408796
repl,304374544,-1.2049911782768796,-0.4064961226016492,0.3457848721787245,-1.2055699981244816
repl,587691051,-4.001655429978482,-3.7509273227208597,1.9206483594895944,1.016326071043515
repl,156036596,0.978437645089159,4.450562214586022,1.9421396617768107,-1.949626716461413
repl,520247997,-4.52722120981856,-3.4085981127657696,2.0208387777345016,0.3681988905474858
repl,860000849,-2.6629521766102435,-0.9861109160188003,1.8929513273782812,-0.6619706230459719
repl,55059438,-3.882493092913218,-1.0364083960847807,2.192699552971229,-0.2133609792609779
repl,666608739,-3.9616959809820793,-3.0718194659603344,2.435116227491775,2.952630367393971
repl,46641556,1.114078798947907,0.5715171902509901,0.6127781368530151,0.5325964354495529
repl,393893474,-1.1097098299065942,-3.5631323482043578,1.4419417406383939,2.8728020044290283
repl,704831353,-5.480400113603638,-1.3390534865452959,2.188254843086968,-0.4114019807805324
repl,860347137,0.4271160861853623,1.3558099685367149,0.5992011944909412,-1.1950015438490587
repl,188281085,1.2592475849869733,2.563824514573822,0.29960131226091963,-2.0936908080940366
repl,795288555,-2.091938552019773,-1.4098262875043632,1.7098578816837784,1.0033174586306028
repl,418735656,2.6121896217730223,4.3704671294256094,0.46516036241735814,-2.436383687092356
repl,865867091,-3.2237774158773815,-0.33499276036996617,1.5154183730538069,-0.9944825879011765
repl,833614657,1.9526729482054537,2.1345610586450645,0.2736527469716271,-0.8375114249098734
repl,352153377,-1.0747876628298443,-1.1415794564117026,0.21820469930961586,-0.2743022583934209
repl,484103778,1.4347567875428338,2.8921893513678567,0.6078678172203787,-1.8440045532490144
repl,669374762,1.320865996954066,2.6064748198788203,0.507971296830027,-1.845840427665971
repl,345480934,0.33810982707083587,-0.17386440738866282,0.9980780687374936,-0.08274807452689958
repl,831347882,2.501983982982605,1.996821843364637,0.3560435953977785,-0.1423211053436845
repl,385054689,-1.765754766159246,-2.7313456259273474,2.0866165381284416,0.9417147926845844
repl,39966375,-3.23295418784054,-1.8694489472738012,1.7436971932232628,1.300142365082233
repl,144778967,1.036905261452472,-0.9106439755229063,1.1679019618648896,2.3618524831285463
repl,974813603,2.5058531844586547,3.1523697557319945,0.558364528061273,-1.462447040534022
repl,840380976,1.5917426014800116,-0.275454414323556,-0.3996025866864527,-0.44197091529122673
repl,446375340,0.9401792531308403,2.4086779064186072,1.2763155286343806,-0.16480759889102128
repl,180709965,-1.8382790708642136,-4.064809552764218,2.4090848394902906,2.5744626888676363
repl,868090713,-0.7365380816433061,0.1785580496678225,0.5732003978406112,-0.9169328271143147
repl,891902620,1.2508652730363279,-0.6541194759917722,0.9913855185905158,1.4179234590591585
repl,889741695,1.292941687018061,1.5541951333620398,0.42741971819720326,-1.2734139111716192
repl,105717118,-0.3983750774159189,-0.20070068299401425,1.8930097559596155,0.9963490276441243
repl,20069408,-4.1553409263446515,0.5204558130527049,2.424351695371664,-1.2565821878099506
repl,614604809,-4.453767941740491,-1.4260019028084148,1.9108257052974194,-1.1482299338531918
repl,148663118,2.4325630773279605,4.786199232649673,1.1841460161302781,-2.123167105717009
repl,259400580,-3.3381796555933643,-2.9974198905575826,1.52347365661498,-0.16840479857894802
repl,830716018,1.3021471758150744,4.945398370585784,2.244636636069578,-1.8210977712404708
repl,57803254,-5.0866326336430925,-1.498991025400876,2.2141875512736684,-0.7899032684913607
repl,194789210,-1.2574030169340167,-2.9463189476987894,1.110864557352072,0.6033482421868261
repl,564712215,0.6313033687978546,3.7037389444992073,0.9898075918881176,-2.573989446229175
repl,246007347,2.5969240088484864,3.5021333061465,-0.39858713056940126,-2.671915913342263
repl,142499985,1.704859814587736,3.026149726240028,0.4199442237748561,-2.023569078552554
repl,587281224,1.2694900888004397,3.551861312158432,1.240835256711032,-1.82773120856338
repl,933845019,0.6162574285370552,3.812193609140396,1.4015906894924608,-2.236812291546961
repl,87525458,1.858485968646713,4.621409965152344,0.8321158346096468,-2.6950483135228014
repl,284992745,1.8488055890586437,3.3167299343359935,0.2886890402819323,-2.2949240583889563
repl,12660226,1.099084054817561,0.7838882644374581,0.7864008600519283,0.3979228028369335
repl,815459444,1.243752625031758,3.0657159688161832,1.3681319724547243,-1.3043221805509038
repl,619868477,1.7343131581043392,1.8031496395225277,1.004657224479488,-0.4785418405935203
repl,669676435,3.6321775761296307,3.464058953104144,-0.7397813873624716,-2.413708375209549
repl,180325086,-1.0089425742897349,2.1272075985050933,1.3988310169757776,-1.8459562914674332
repl,806727283,2.7077674032583046,5.0293984267877585,1.576842137673545,-1.7414861184652373
repl,470933208,-3.784469220980992,-4.884569712547953,2.5074513806153775,2.5707888962060945
repl,212483065,1.0752155846579956,-0.371019925514708,-0.2114506587885391,-0.6469178206267642
repl,847055704,1.7406595511309455,-3.814371834973849,0.07613344818412837,2.1072306329573434
repl,64981404,3.1056547092668554,3.3770938004701296,-0.4897419139772747,-2.3982670620956807
repl,114862749,2.1556481601394686,3.0274332224449334,0.9931491883004899,-1.121749489347315
repl,575815073,-1.4894604070861404,1.7021808826065845,1.5443068037706198,-1.7318780316883122
repl,567014019,0.45328743196400817,0.9749307002135191,1.404532644293954,0.769026652648443
repl,360784299,-4.301188906242991,-3.55029428256124,1.845455057410978,0.17263939926550176
repl,209678890,1.785533603340747,1.887058171637841,0.6228618282694669,-0.2021829657311193
repl,559543881,-3.9854799516292703,-2.1106342754494114,2.003243250384244,0.21033386900019863
repl,635177909,0.11092423235100062,0.2533408876520096,-0.09977976823522554,-1.3058445308018514
repl,742369594,1.7523442224397496,0.48298238745926436,0.5077617463061004,0.0764310733693199
repl,169952427,1.4780828242562107,-0.5393683062543148,0.2995158370737586,-0.4300646646718255
repl,380734789,-1.6004648010523141,-0.8643902486672186,0.48393432427295535,-0.41032812949578684
repl,565511731,-3.9658077115448633,-3.4286155060675596,1.6757341893173854,0.7751095909644283
repl,350988400,-3.009564807407057,1.5997894497896958,2.565100928279701,0.8953737460855098
repl,382057863,0.9269152123299073,1.2384332592704608,1.0089130767997887,-0.5937600261381953
repl,279566811,2.0067689950813814,3.1510938483290687,0.020090094644416783,-2.3102378566612733
repl,229676678,2.3818504700434655,4.778434058116775,0.5751102790499445,-2.773085838563397
repl,937682059,0.9070598946612496,3.7159085147020066,0.9869196289542311,-2.393293752456368
repl,445774430,1.0823639193654142,0.11969365138204163,0.6783750841703821,0.6131672639299888
repl,600367470,-2.7091667050981925,1.1067369541817493,2.288918540090923,-0.7407113123094075
repl,507437742,1.0945750178185591,2.985472533633471,0.5757732466353507,-2.220308960561898
repl,335109067,-4.69482638369313,-1.6962815333939107,3.6280421853167786,0.810346521318676
